r_t1, r_t2, c_prob, c_prob_epoch, cp, obs_cp
0.000000,2.354340,1.000000,0.000000,0.000000,0.000000
0.000000,2.773382,1.000000,0.000000,0.000000,0.000000
0.000000,3.429498,1.000000,0.000000,0.000000,0.000000
0.000000,1.703538,1.000000,0.000000,0.000000,0.000000
0.000000,4.255490,1.000000,0.000000,0.000000,0.000000
0.000000,3.284581,1.000000,0.000000,0.000000,0.000000
0.000000,1.895454,1.000000,0.000000,0.000000,0.000000
0.000000,1.538191,1.000000,0.000000,0.000000,0.000000
0.000000,3.561407,1.000000,0.000000,0.000000,0.000000
0.000000,4.690137,1.000000,0.000000,0.000000,0.000000
0.000000,1.183302,1.000000,0.000000,0.000000,0.000000
0.000000,1.869208,1.000000,0.000000,0.000000,0.000000
0.000000,4.978659,1.000000,0.000000,0.000000,0.000000
0.000000,2.216929,1.000000,0.000000,0.000000,0.000000
0.000000,4.560171,1.000000,0.000000,0.000000,0.000000
0.000000,1.231919,1.000000,0.000000,0.000000,0.000000
0.000000,2.975253,1.000000,0.000000,0.000000,0.000000
0.000000,3.334050,1.000000,0.000000,0.000000,0.000000
0.000000,1.446973,1.000000,0.000000,0.000000,0.000000
0.000000,0.670060,1.000000,0.000000,0.000000,0.000000
0.000000,2.993545,1.000000,0.000000,0.000000,0.000000
0.000000,1.481271,1.000000,0.000000,0.000000,0.000000
0.000000,1.492787,1.000000,0.000000,0.000000,0.000000
0.000000,0.648543,1.000000,0.000000,0.000000,0.000000
0.000000,1.323533,1.000000,0.000000,0.000000,0.000000
0.000000,3.913585,1.000000,0.000000,0.000000,0.000000
0.000000,3.839427,1.000000,0.000000,0.000000,0.000000
0.000000,4.973640,1.000000,0.000000,0.000000,0.000000
3.580039,0.000000,1.000000,1.000000,1.000000,1.000000
3.813973,0.000000,1.000000,1.000000,0.000000,0.000000
4.098750,0.000000,1.000000,1.000000,0.000000,0.000000
1.776496,0.000000,1.000000,1.000000,0.000000,0.000000
3.573369,0.000000,1.000000,1.000000,0.000000,0.000000
3.275283,0.000000,1.000000,1.000000,0.000000,0.000000
3.561394,0.000000,1.000000,1.000000,0.000000,0.000000
5.223586,0.000000,1.000000,1.000000,0.000000,0.000000
2.551111,0.000000,1.000000,1.000000,0.000000,0.000000
1.491962,0.000000,1.000000,1.000000,0.000000,0.000000
3.475883,0.000000,1.000000,1.000000,0.000000,0.000000
4.309624,0.000000,1.000000,1.000000,0.000000,0.000000
4.014364,0.000000,1.000000,1.000000,0.000000,0.000000
3.385482,0.000000,1.000000,1.000000,0.000000,0.000000
2.413247,0.000000,1.000000,1.000000,0.000000,0.000000
2.883331,0.000000,1.000000,1.000000,0.000000,0.000000
3.146651,0.000000,1.000000,1.000000,0.000000,0.000000
3.667952,0.000000,1.000000,1.000000,0.000000,0.000000
3.856481,0.000000,1.000000,1.000000,0.000000,0.000000
2.699678,0.000000,1.000000,1.000000,0.000000,0.000000
3.202514,0.000000,1.000000,1.000000,0.000000,0.000000
4.949621,0.000000,1.000000,1.000000,0.000000,0.000000
2.095069,0.000000,1.000000,1.000000,0.000000,0.000000
2.940714,0.000000,1.000000,1.000000,0.000000,0.000000
5.261996,0.000000,1.000000,1.000000,0.000000,0.000000
2.748276,0.000000,1.000000,1.000000,0.000000,0.000000
2.829066,0.000000,1.000000,1.000000,0.000000,0.000000
3.201614,0.000000,1.000000,1.000000,0.000000,0.000000
3.575074,0.000000,1.000000,1.000000,0.000000,0.000000
3.258037,0.000000,1.000000,1.000000,0.000000,0.000000
2.050964,0.000000,1.000000,1.000000,0.000000,0.000000
5.567722,0.000000,1.000000,1.000000,0.000000,0.000000
2.727839,0.000000,1.000000,1.000000,0.000000,0.000000
3.555618,0.000000,1.000000,1.000000,0.000000,0.000000
2.121399,0.000000,1.000000,1.000000,0.000000,0.000000
0.000000,3.133220,1.000000,0.000000,1.000000,1.000000
0.000000,1.904284,1.000000,0.000000,0.000000,0.000000
0.000000,2.582886,1.000000,0.000000,0.000000,0.000000
0.000000,2.935166,1.000000,0.000000,0.000000,0.000000
0.000000,2.718016,1.000000,0.000000,0.000000,0.000000
0.000000,2.673635,1.000000,0.000000,0.000000,0.000000
0.000000,4.510157,1.000000,0.000000,0.000000,0.000000
0.000000,4.844464,1.000000,0.000000,0.000000,0.000000
0.000000,3.770958,1.000000,0.000000,0.000000,0.000000
0.000000,2.250315,1.000000,0.000000,0.000000,0.000000
0.000000,2.697525,1.000000,0.000000,0.000000,0.000000
0.000000,4.226200,1.000000,0.000000,0.000000,0.000000
0.000000,3.348129,1.000000,0.000000,0.000000,0.000000
0.000000,2.595788,1.000000,0.000000,0.000000,0.000000
0.000000,3.878603,1.000000,0.000000,0.000000,0.000000
0.000000,3.200898,1.000000,0.000000,0.000000,0.000000
0.000000,3.246214,1.000000,0.000000,0.000000,0.000000
0.000000,1.492475,1.000000,0.000000,0.000000,0.000000
0.000000,3.149039,1.000000,0.000000,0.000000,0.000000
0.000000,3.191407,1.000000,0.000000,0.000000,0.000000
0.000000,3.605810,1.000000,0.000000,0.000000,0.000000
0.000000,3.821988,1.000000,0.000000,0.000000,0.000000
0.000000,2.327013,1.000000,0.000000,0.000000,0.000000
0.000000,1.735529,1.000000,0.000000,0.000000,0.000000
0.000000,3.473149,1.000000,0.000000,0.000000,0.000000
0.000000,3.907146,1.000000,0.000000,0.000000,0.000000
0.000000,3.727570,1.000000,0.000000,0.000000,0.000000
0.000000,3.379896,1.000000,0.000000,0.000000,0.000000
0.000000,1.713701,1.000000,0.000000,0.000000,0.000000
0.000000,3.014114,1.000000,0.000000,0.000000,0.000000
0.000000,4.239171,1.000000,0.000000,0.000000,0.000000
0.000000,3.227046,1.000000,0.000000,0.000000,0.000000
1.463675,0.000000,1.000000,1.000000,1.000000,1.000000
2.508523,0.000000,1.000000,1.000000,0.000000,0.000000
3.341426,0.000000,1.000000,1.000000,0.000000,0.000000
3.045570,0.000000,1.000000,1.000000,0.000000,0.000000
3.930431,0.000000,1.000000,1.000000,0.000000,0.000000
4.288694,0.000000,1.000000,1.000000,0.000000,0.000000
3.422022,0.000000,1.000000,1.000000,0.000000,0.000000
2.452538,0.000000,1.000000,1.000000,0.000000,0.000000
2.935559,0.000000,1.000000,1.000000,0.000000,0.000000
5.031729,0.000000,1.000000,1.000000,0.000000,0.000000
4.641992,0.000000,1.000000,1.000000,0.000000,0.000000
4.039172,0.000000,1.000000,1.000000,0.000000,0.000000
2.369512,0.000000,1.000000,1.000000,0.000000,0.000000
1.797999,0.000000,1.000000,1.000000,0.000000,0.000000
3.155347,0.000000,1.000000,1.000000,0.000000,0.000000
2.296662,0.000000,1.000000,1.000000,0.000000,0.000000
1.776545,0.000000,1.000000,1.000000,0.000000,0.000000
4.075177,0.000000,1.000000,1.000000,0.000000,0.000000
5.928741,0.000000,1.000000,1.000000,0.000000,0.000000
1.788951,0.000000,1.000000,1.000000,0.000000,0.000000
3.747306,0.000000,1.000000,1.000000,0.000000,0.000000
3.632010,0.000000,1.000000,1.000000,0.000000,0.000000
1.862916,0.000000,1.000000,1.000000,0.000000,0.000000
1.988503,0.000000,1.000000,1.000000,0.000000,0.000000
3.270861,0.000000,1.000000,1.000000,0.000000,0.000000
2.007432,0.000000,1.000000,1.000000,0.000000,0.000000
4.220592,0.000000,1.000000,1.000000,0.000000,0.000000
2.739967,0.000000,1.000000,1.000000,0.000000,0.000000
3.122538,0.000000,1.000000,1.000000,0.000000,0.000000
0.000000,1.187298,1.000000,0.000000,1.000000,1.000000
0.000000,2.433391,1.000000,0.000000,0.000000,0.000000
0.000000,1.798053,1.000000,0.000000,0.000000,0.000000
0.000000,2.729333,1.000000,0.000000,0.000000,0.000000
0.000000,4.715167,1.000000,0.000000,0.000000,0.000000
0.000000,3.070211,1.000000,0.000000,0.000000,0.000000
0.000000,4.387850,1.000000,0.000000,0.000000,0.000000
0.000000,4.910031,1.000000,0.000000,0.000000,0.000000
0.000000,2.686965,1.000000,0.000000,0.000000,0.000000
0.000000,3.988564,1.000000,0.000000,0.000000,0.000000
0.000000,3.458463,1.000000,0.000000,0.000000,0.000000
0.000000,3.854992,1.000000,0.000000,0.000000,0.000000
0.000000,2.061555,1.000000,0.000000,0.000000,0.000000
0.000000,2.068625,1.000000,0.000000,0.000000,0.000000
0.000000,2.815648,1.000000,0.000000,0.000000,0.000000
0.000000,3.113514,1.000000,0.000000,0.000000,0.000000
0.000000,2.946288,1.000000,0.000000,0.000000,0.000000
0.000000,2.338630,1.000000,0.000000,0.000000,0.000000
0.000000,3.865926,1.000000,0.000000,0.000000,0.000000
0.000000,0.832864,1.000000,0.000000,0.000000,0.000000
0.000000,5.870791,1.000000,0.000000,0.000000,0.000000
0.000000,2.935063,1.000000,0.000000,0.000000,0.000000
0.000000,2.279525,1.000000,0.000000,0.000000,0.000000
0.000000,3.173900,1.000000,0.000000,0.000000,0.000000
0.000000,1.972264,1.000000,0.000000,0.000000,0.000000
0.000000,3.712888,1.000000,0.000000,0.000000,0.000000
0.000000,3.052719,1.000000,0.000000,0.000000,0.000000
0.000000,3.684626,1.000000,0.000000,0.000000,0.000000
0.000000,3.728066,1.000000,0.000000,0.000000,0.000000
0.000000,3.255518,1.000000,0.000000,0.000000,0.000000
0.000000,0.761402,1.000000,0.000000,0.000000,0.000000
0.000000,2.106275,1.000000,0.000000,0.000000,0.000000
0.000000,3.849417,1.000000,0.000000,0.000000,0.000000
0.000000,4.081324,1.000000,0.000000,0.000000,0.000000
3.656114,0.000000,1.000000,1.000000,1.000000,1.000000
3.474130,0.000000,1.000000,1.000000,0.000000,0.000000
2.987060,0.000000,1.000000,1.000000,0.000000,0.000000
2.112830,0.000000,1.000000,1.000000,0.000000,0.000000
3.473204,0.000000,1.000000,1.000000,0.000000,0.000000
2.565400,0.000000,1.000000,1.000000,0.000000,0.000000
2.116608,0.000000,1.000000,1.000000,0.000000,0.000000
1.182711,0.000000,1.000000,1.000000,0.000000,0.000000
2.238363,0.000000,1.000000,1.000000,0.000000,0.000000
3.091225,0.000000,1.000000,1.000000,0.000000,0.000000
1.990267,0.000000,1.000000,1.000000,0.000000,0.000000
2.667532,0.000000,1.000000,1.000000,0.000000,0.000000
1.881905,0.000000,1.000000,1.000000,0.000000,0.000000
4.239606,0.000000,1.000000,1.000000,0.000000,0.000000
4.235918,0.000000,1.000000,1.000000,0.000000,0.000000
2.484154,0.000000,1.000000,1.000000,0.000000,0.000000
3.590387,0.000000,1.000000,1.000000,0.000000,0.000000
5.207360,0.000000,1.000000,1.000000,0.000000,0.000000
3.446285,0.000000,1.000000,1.000000,0.000000,0.000000
1.928472,0.000000,1.000000,1.000000,0.000000,0.000000
2.623110,0.000000,1.000000,1.000000,0.000000,0.000000
3.437656,0.000000,1.000000,1.000000,0.000000,0.000000
3.781291,0.000000,1.000000,1.000000,0.000000,0.000000
5.825437,0.000000,1.000000,1.000000,0.000000,0.000000
0.000000,3.195138,1.000000,0.000000,1.000000,1.000000
0.000000,1.838907,1.000000,0.000000,0.000000,0.000000
0.000000,1.653323,1.000000,0.000000,0.000000,0.000000
0.000000,2.353018,1.000000,0.000000,0.000000,0.000000
0.000000,4.591590,1.000000,0.000000,0.000000,0.000000
0.000000,2.818160,1.000000,0.000000,0.000000,0.000000
0.000000,3.615576,1.000000,0.000000,0.000000,0.000000
0.000000,2.581340,1.000000,0.000000,0.000000,0.000000
0.000000,3.258636,1.000000,0.000000,0.000000,0.000000
0.000000,2.801151,1.000000,0.000000,0.000000,0.000000
0.000000,3.896475,1.000000,0.000000,0.000000,0.000000
0.000000,4.235929,1.000000,0.000000,0.000000,0.000000
0.000000,2.018530,1.000000,0.000000,0.000000,0.000000
0.000000,5.194637,1.000000,0.000000,0.000000,0.000000
0.000000,2.895244,1.000000,0.000000,0.000000,0.000000
0.000000,2.940188,1.000000,0.000000,0.000000,0.000000
0.000000,1.162749,1.000000,0.000000,0.000000,0.000000
0.000000,2.097395,1.000000,0.000000,0.000000,0.000000
0.000000,2.916978,1.000000,0.000000,0.000000,0.000000
0.000000,4.041009,1.000000,0.000000,0.000000,0.000000
0.000000,4.358542,1.000000,0.000000,0.000000,0.000000
0.000000,3.711451,1.000000,0.000000,0.000000,0.000000
0.000000,3.555869,1.000000,0.000000,0.000000,0.000000
0.000000,2.507267,1.000000,0.000000,0.000000,0.000000
0.000000,3.673237,1.000000,0.000000,0.000000,0.000000
2.272233,0.000000,1.000000,1.000000,1.000000,1.000000
3.873944,0.000000,1.000000,1.000000,0.000000,0.000000
3.298062,0.000000,1.000000,1.000000,0.000000,0.000000
2.093965,0.000000,1.000000,1.000000,0.000000,0.000000
3.241984,0.000000,1.000000,1.000000,0.000000,0.000000
3.751469,0.000000,1.000000,1.000000,0.000000,0.000000
3.139141,0.000000,1.000000,1.000000,0.000000,0.000000
2.814453,0.000000,1.000000,1.000000,0.000000,0.000000
2.899365,0.000000,1.000000,1.000000,0.000000,0.000000
2.851461,0.000000,1.000000,1.000000,0.000000,0.000000
2.633927,0.000000,1.000000,1.000000,0.000000,0.000000
1.471855,0.000000,1.000000,1.000000,0.000000,0.000000
4.591010,0.000000,1.000000,1.000000,0.000000,0.000000
2.637897,0.000000,1.000000,1.000000,0.000000,0.000000
2.430478,0.000000,1.000000,1.000000,0.000000,0.000000
3.008185,0.000000,1.000000,1.000000,0.000000,0.000000
2.665939,0.000000,1.000000,1.000000,0.000000,0.000000
3.455167,0.000000,1.000000,1.000000,0.000000,0.000000
2.943556,0.000000,1.000000,1.000000,0.000000,0.000000
2.265052,0.000000,1.000000,1.000000,0.000000,0.000000
2.348635,0.000000,1.000000,1.000000,0.000000,0.000000
3.534589,0.000000,1.000000,1.000000,0.000000,0.000000
1.555405,0.000000,1.000000,1.000000,0.000000,0.000000
2.154397,0.000000,1.000000,1.000000,0.000000,0.000000
3.898555,0.000000,1.000000,1.000000,0.000000,0.000000
2.062536,0.000000,1.000000,1.000000,0.000000,0.000000
2.096418,0.000000,1.000000,1.000000,0.000000,0.000000
4.082920,0.000000,1.000000,1.000000,0.000000,0.000000
3.446649,0.000000,1.000000,1.000000,0.000000,0.000000
3.096266,0.000000,1.000000,1.000000,0.000000,0.000000
3.643182,0.000000,1.000000,1.000000,0.000000,0.000000
2.392997,0.000000,1.000000,1.000000,0.000000,0.000000
0.000000,1.894585,1.000000,0.000000,1.000000,1.000000
0.000000,2.419916,1.000000,0.000000,0.000000,0.000000
0.000000,4.625784,1.000000,0.000000,0.000000,0.000000
0.000000,3.864706,1.000000,0.000000,0.000000,0.000000
0.000000,3.846541,1.000000,0.000000,0.000000,0.000000
0.000000,2.184870,1.000000,0.000000,0.000000,0.000000
0.000000,3.533738,1.000000,0.000000,0.000000,0.000000
0.000000,2.104535,1.000000,0.000000,0.000000,0.000000
0.000000,3.348919,1.000000,0.000000,0.000000,0.000000
0.000000,1.350846,1.000000,0.000000,0.000000,0.000000
0.000000,3.818547,1.000000,0.000000,0.000000,0.000000
0.000000,1.520546,1.000000,0.000000,0.000000,0.000000
0.000000,3.402085,1.000000,0.000000,0.000000,0.000000
0.000000,3.640828,1.000000,0.000000,0.000000,0.000000
0.000000,2.860393,1.000000,0.000000,0.000000,0.000000
0.000000,2.637600,1.000000,0.000000,0.000000,0.000000
0.000000,4.798818,1.000000,0.000000,0.000000,0.000000
0.000000,3.561765,1.000000,0.000000,0.000000,0.000000
0.000000,4.325959,1.000000,0.000000,0.000000,0.000000
0.000000,2.668296,1.000000,0.000000,0.000000,0.000000
0.000000,3.074153,1.000000,0.000000,0.000000,0.000000
4.230149,0.000000,1.000000,1.000000,1.000000,1.000000
4.648610,0.000000,1.000000,1.000000,0.000000,0.000000
4.642293,0.000000,1.000000,1.000000,0.000000,0.000000
4.169757,0.000000,1.000000,1.000000,0.000000,0.000000
2.480747,0.000000,1.000000,1.000000,0.000000,0.000000
2.132993,0.000000,1.000000,1.000000,0.000000,0.000000
1.983168,0.000000,1.000000,1.000000,0.000000,0.000000
2.411073,0.000000,1.000000,1.000000,0.000000,0.000000
0.863767,0.000000,1.000000,1.000000,0.000000,0.000000
4.517235,0.000000,1.000000,1.000000,0.000000,0.000000
3.375171,0.000000,1.000000,1.000000,0.000000,0.000000
2.801075,0.000000,1.000000,1.000000,0.000000,0.000000
1.334451,0.000000,1.000000,1.000000,0.000000,0.000000
3.985829,0.000000,1.000000,1.000000,0.000000,0.000000
1.998838,0.000000,1.000000,1.000000,0.000000,0.000000
2.094809,0.000000,1.000000,1.000000,0.000000,0.000000
3.652260,0.000000,1.000000,1.000000,0.000000,0.000000
3.444920,0.000000,1.000000,1.000000,0.000000,0.000000
2.584796,0.000000,1.000000,1.000000,0.000000,0.000000
1.284254,0.000000,1.000000,1.000000,0.000000,0.000000
4.489276,0.000000,1.000000,1.000000,0.000000,0.000000
1.572812,0.000000,1.000000,1.000000,0.000000,0.000000
3.500634,0.000000,1.000000,1.000000,0.000000,0.000000
1.035298,0.000000,1.000000,1.000000,0.000000,0.000000
4.188558,0.000000,1.000000,1.000000,0.000000,0.000000
0.862481,0.000000,1.000000,1.000000,0.000000,0.000000
2.275856,0.000000,1.000000,1.000000,0.000000,0.000000
3.864510,0.000000,1.000000,1.000000,0.000000,0.000000
2.419108,0.000000,1.000000,1.000000,0.000000,0.000000
3.449389,0.000000,1.000000,1.000000,0.000000,0.000000
1.933806,0.000000,1.000000,1.000000,0.000000,0.000000
0.000000,1.966031,1.000000,0.000000,1.000000,1.000000
0.000000,3.536427,1.000000,0.000000,0.000000,0.000000
0.000000,3.465598,1.000000,0.000000,0.000000,0.000000
0.000000,2.645977,1.000000,0.000000,0.000000,0.000000
0.000000,3.279615,1.000000,0.000000,0.000000,0.000000
0.000000,3.403958,1.000000,0.000000,0.000000,0.000000
0.000000,3.009011,1.000000,0.000000,0.000000,0.000000
0.000000,4.273375,1.000000,0.000000,0.000000,0.000000
0.000000,3.433972,1.000000,0.000000,0.000000,0.000000
0.000000,5.468387,1.000000,0.000000,0.000000,0.000000
0.000000,2.969586,1.000000,0.000000,0.000000,0.000000
0.000000,4.537528,1.000000,0.000000,0.000000,0.000000
0.000000,3.351469,1.000000,0.000000,0.000000,0.000000
0.000000,3.253794,1.000000,0.000000,0.000000,0.000000
0.000000,3.572265,1.000000,0.000000,0.000000,0.000000
0.000000,3.188882,1.000000,0.000000,0.000000,0.000000
0.000000,4.503841,1.000000,0.000000,0.000000,0.000000
0.000000,3.090028,1.000000,0.000000,0.000000,0.000000
0.000000,2.522093,1.000000,0.000000,0.000000,0.000000
0.000000,2.503768,1.000000,0.000000,0.000000,0.000000
0.000000,2.832606,1.000000,0.000000,0.000000,0.000000
0.000000,2.903933,1.000000,0.000000,0.000000,0.000000
0.000000,3.737078,1.000000,0.000000,0.000000,0.000000
2.394519,0.000000,1.000000,1.000000,1.000000,1.000000
5.458387,0.000000,1.000000,1.000000,0.000000,0.000000
2.711378,0.000000,1.000000,1.000000,0.000000,0.000000
2.496080,0.000000,1.000000,1.000000,0.000000,0.000000
3.355978,0.000000,1.000000,1.000000,0.000000,0.000000
2.194469,0.000000,1.000000,1.000000,0.000000,0.000000
2.124265,0.000000,1.000000,1.000000,0.000000,0.000000
3.459766,0.000000,1.000000,1.000000,0.000000,0.000000
3.892214,0.000000,1.000000,1.000000,0.000000,0.000000
0.523805,0.000000,1.000000,1.000000,0.000000,0.000000
1.560934,0.000000,1.000000,1.000000,0.000000,0.000000
3.222413,0.000000,1.000000,1.000000,0.000000,0.000000
3.978244,0.000000,1.000000,1.000000,0.000000,0.000000
4.236621,0.000000,1.000000,1.000000,0.000000,0.000000
4.115674,0.000000,1.000000,1.000000,0.000000,0.000000
2.917247,0.000000,1.000000,1.000000,0.000000,0.000000
4.652766,0.000000,1.000000,1.000000,0.000000,0.000000
3.905296,0.000000,1.000000,1.000000,0.000000,0.000000
4.103443,0.000000,1.000000,1.000000,0.000000,0.000000
2.395945,0.000000,1.000000,1.000000,0.000000,0.000000
1.994720,0.000000,1.000000,1.000000,0.000000,0.000000
0.900320,0.000000,1.000000,1.000000,0.000000,0.000000
1.378264,0.000000,1.000000,1.000000,0.000000,0.000000
3.091894,0.000000,1.000000,1.000000,0.000000,0.000000
2.707750,0.000000,1.000000,1.000000,0.000000,0.000000
2.336897,0.000000,1.000000,1.000000,0.000000,0.000000
2.868606,0.000000,1.000000,1.000000,0.000000,0.000000
2.937587,0.000000,1.000000,1.000000,0.000000,0.000000
3.710725,0.000000,1.000000,1.000000,0.000000,0.000000
2.433853,0.000000,1.000000,1.000000,0.000000,0.000000
2.876091,0.000000,1.000000,1.000000,0.000000,0.000000
4.872962,0.000000,1.000000,1.000000,0.000000,0.000000
3.913455,0.000000,1.000000,1.000000,0.000000,0.000000
0.000000,3.707147,1.000000,0.000000,1.000000,1.000000
0.000000,2.800217,1.000000,0.000000,0.000000,0.000000
0.000000,1.866287,1.000000,0.000000,0.000000,0.000000
0.000000,3.966829,1.000000,0.000000,0.000000,0.000000
0.000000,3.260555,1.000000,0.000000,0.000000,0.000000
0.000000,2.342855,1.000000,0.000000,0.000000,0.000000
0.000000,2.785471,1.000000,0.000000,0.000000,0.000000
0.000000,3.734234,1.000000,0.000000,0.000000,0.000000
0.000000,1.066931,1.000000,0.000000,0.000000,0.000000
0.000000,3.326314,1.000000,0.000000,0.000000,0.000000
0.000000,3.897742,1.000000,0.000000,0.000000,0.000000
0.000000,1.868913,1.000000,0.000000,0.000000,0.000000
0.000000,3.463069,1.000000,0.000000,0.000000,0.000000
0.000000,3.150754,1.000000,0.000000,0.000000,0.000000
0.000000,2.917406,1.000000,0.000000,0.000000,0.000000
0.000000,3.975692,1.000000,0.000000,0.000000,0.000000
0.000000,2.273025,1.000000,0.000000,0.000000,0.000000
0.000000,4.161031,1.000000,0.000000,0.000000,0.000000
0.000000,2.439950,1.000000,0.000000,0.000000,0.000000
0.000000,1.495274,1.000000,0.000000,0.000000,0.000000
0.000000,1.906559,1.000000,0.000000,0.000000,0.000000
0.000000,1.353438,1.000000,0.000000,0.000000,0.000000
0.000000,3.934693,1.000000,0.000000,0.000000,0.000000
0.000000,4.236440,1.000000,0.000000,0.000000,0.000000
0.000000,2.861358,1.000000,0.000000,0.000000,0.000000
0.000000,1.412672,1.000000,0.000000,0.000000,0.000000
0.000000,2.346677,1.000000,0.000000,0.000000,0.000000
0.000000,2.722749,1.000000,0.000000,0.000000,0.000000
0.000000,2.777328,1.000000,0.000000,0.000000,0.000000
1.028043,0.000000,1.000000,1.000000,1.000000,1.000000
1.975971,0.000000,1.000000,1.000000,0.000000,0.000000
2.182425,0.000000,1.000000,1.000000,0.000000,0.000000
1.729536,0.000000,1.000000,1.000000,0.000000,0.000000
2.169321,0.000000,1.000000,1.000000,0.000000,0.000000
1.501911,0.000000,1.000000,1.000000,0.000000,0.000000
3.649824,0.000000,1.000000,1.000000,0.000000,0.000000
3.053655,0.000000,1.000000,1.000000,0.000000,0.000000
1.534839,0.000000,1.000000,1.000000,0.000000,0.000000
4.880314,0.000000,1.000000,1.000000,0.000000,0.000000
3.437148,0.000000,1.000000,1.000000,0.000000,0.000000
2.229042,0.000000,1.000000,1.000000,0.000000,0.000000
3.299143,0.000000,1.000000,1.000000,0.000000,0.000000
3.521169,0.000000,1.000000,1.000000,0.000000,0.000000
3.806433,0.000000,1.000000,1.000000,0.000000,0.000000
3.880892,0.000000,1.000000,1.000000,0.000000,0.000000
1.786728,0.000000,1.000000,1.000000,0.000000,0.000000
5.078279,0.000000,1.000000,1.000000,0.000000,0.000000
-0.285222,0.000000,1.000000,0.947368,0.000000,0.000000
2.588783,0.000000,1.000000,0.950000,0.000000,0.000000
2.738331,0.000000,1.000000,0.952381,0.000000,0.000000
3.230145,0.000000,1.000000,0.954545,0.000000,0.000000
1.490068,0.000000,1.000000,0.956522,0.000000,0.000000
2.167596,0.000000,1.000000,0.958333,0.000000,0.000000
3.168392,0.000000,1.000000,0.960000,0.000000,0.000000
2.320335,0.000000,1.000000,0.961538,0.000000,0.000000
2.841602,0.000000,1.000000,0.962963,0.000000,0.000000
4.890099,0.000000,1.000000,0.964286,0.000000,0.000000
3.367825,0.000000,1.000000,0.965517,0.000000,0.000000
1.409020,0.000000,1.000000,0.966667,0.000000,0.000000
2.176685,0.000000,1.000000,0.967742,0.000000,0.000000
2.426259,0.000000,1.000000,0.968750,0.000000,0.000000
0.000000,3.230166,1.000000,0.000000,1.000000,1.000000
0.000000,4.427529,1.000000,0.000000,0.000000,0.000000
0.000000,2.866189,1.000000,0.000000,0.000000,0.000000
0.000000,3.602980,1.000000,0.000000,0.000000,0.000000
0.000000,3.730867,1.000000,0.000000,0.000000,0.000000
0.000000,2.419537,1.000000,0.000000,0.000000,0.000000
0.000000,3.389725,1.000000,0.000000,0.000000,0.000000
0.000000,4.503340,1.000000,0.000000,0.000000,0.000000
0.000000,0.913431,1.000000,0.000000,0.000000,0.000000
0.000000,2.806328,1.000000,0.000000,0.000000,0.000000
0.000000,2.422161,1.000000,0.000000,0.000000,0.000000
0.000000,5.209060,1.000000,0.000000,0.000000,0.000000
0.000000,4.133473,1.000000,0.000000,0.000000,0.000000
0.000000,1.810244,1.000000,0.000000,0.000000,0.000000
0.000000,0.937309,1.000000,0.000000,0.000000,0.000000
0.000000,4.227102,1.000000,0.000000,0.000000,0.000000
0.000000,4.409021,1.000000,0.000000,0.000000,0.000000
0.000000,1.136366,1.000000,0.000000,0.000000,0.000000
0.000000,2.119058,1.000000,0.000000,0.000000,0.000000
0.000000,3.154901,1.000000,0.000000,0.000000,0.000000
0.000000,3.434869,1.000000,0.000000,0.000000,0.000000
0.000000,2.554622,1.000000,0.000000,0.000000,0.000000
0.000000,3.844828,1.000000,0.000000,0.000000,0.000000
0.000000,3.486122,1.000000,0.000000,0.000000,0.000000
0.000000,3.597479,1.000000,0.000000,0.000000,0.000000
0.000000,3.348834,1.000000,0.000000,0.000000,0.000000
0.000000,3.588682,1.000000,0.000000,0.000000,0.000000
0.000000,2.950786,1.000000,0.000000,0.000000,0.000000
0.000000,4.460695,1.000000,0.000000,0.000000,0.000000
0.000000,2.044500,1.000000,0.000000,0.000000,0.000000
0.000000,4.008583,1.000000,0.000000,0.000000,0.000000
0.000000,4.321237,1.000000,0.000000,0.000000,0.000000
3.747105,0.000000,1.000000,1.000000,1.000000,1.000000
1.729975,0.000000,1.000000,1.000000,0.000000,0.000000
1.752898,0.000000,1.000000,1.000000,0.000000,0.000000
4.124296,0.000000,1.000000,1.000000,0.000000,0.000000
2.590486,0.000000,1.000000,1.000000,0.000000,0.000000
3.451737,0.000000,1.000000,1.000000,0.000000,0.000000
3.399163,0.000000,1.000000,1.000000,0.000000,0.000000
2.382452,0.000000,1.000000,1.000000,0.000000,0.000000
3.037794,0.000000,1.000000,1.000000,0.000000,0.000000
3.159404,0.000000,1.000000,1.000000,0.000000,0.000000
3.683364,0.000000,1.000000,1.000000,0.000000,0.000000
3.678006,0.000000,1.000000,1.000000,0.000000,0.000000
1.977185,0.000000,1.000000,1.000000,0.000000,0.000000
1.478827,0.000000,1.000000,1.000000,0.000000,0.000000
2.616333,0.000000,1.000000,1.000000,0.000000,0.000000
3.148253,0.000000,1.000000,1.000000,0.000000,0.000000
2.488256,0.000000,1.000000,1.000000,0.000000,0.000000
3.250241,0.000000,1.000000,1.000000,0.000000,0.000000
2.628901,0.000000,1.000000,1.000000,0.000000,0.000000
3.340562,0.000000,1.000000,1.000000,0.000000,0.000000
3.238486,0.000000,1.000000,1.000000,0.000000,0.000000
3.717782,0.000000,1.000000,1.000000,0.000000,0.000000
2.344997,0.000000,1.000000,1.000000,0.000000,0.000000
2.180736,0.000000,1.000000,1.000000,0.000000,0.000000
2.393559,0.000000,1.000000,1.000000,0.000000,0.000000
2.034089,0.000000,1.000000,1.000000,0.000000,0.000000
3.873145,0.000000,1.000000,1.000000,0.000000,0.000000
5.056734,0.000000,1.000000,1.000000,0.000000,0.000000
1.316700,0.000000,1.000000,1.000000,0.000000,0.000000
3.888653,0.000000,1.000000,1.000000,0.000000,0.000000
2.340336,0.000000,1.000000,1.000000,0.000000,0.000000
2.432393,0.000000,1.000000,1.000000,0.000000,0.000000
0.000000,2.047614,1.000000,0.000000,1.000000,1.000000
0.000000,2.861823,1.000000,0.000000,0.000000,0.000000
0.000000,3.408487,1.000000,0.000000,0.000000,0.000000
0.000000,1.884817,1.000000,0.000000,0.000000,0.000000
0.000000,2.378095,1.000000,0.000000,0.000000,0.000000
0.000000,1.153006,1.000000,0.000000,0.000000,0.000000
0.000000,2.076816,1.000000,0.000000,0.000000,0.000000
0.000000,3.000630,1.000000,0.000000,0.000000,0.000000
0.000000,2.557631,1.000000,0.000000,0.000000,0.000000
0.000000,3.587918,1.000000,0.000000,0.000000,0.000000
0.000000,3.745669,1.000000,0.000000,0.000000,0.000000
0.000000,3.509295,1.000000,0.000000,0.000000,0.000000
0.000000,3.093536,1.000000,0.000000,0.000000,0.000000
0.000000,3.979240,1.000000,0.000000,0.000000,0.000000
0.000000,0.478453,1.000000,0.000000,0.000000,0.000000
0.000000,3.312811,1.000000,0.000000,0.000000,0.000000
0.000000,3.323968,1.000000,0.000000,0.000000,0.000000
0.000000,2.565494,1.000000,0.000000,0.000000,0.000000
0.000000,2.662396,1.000000,0.000000,0.000000,0.000000
0.000000,2.372185,1.000000,0.000000,0.000000,0.000000
0.000000,2.402121,1.000000,0.000000,0.000000,0.000000
0.000000,2.837020,1.000000,0.000000,0.000000,0.000000
0.000000,2.847959,1.000000,0.000000,0.000000,0.000000
0.000000,2.431045,1.000000,0.000000,0.000000,0.000000
0.000000,1.744804,1.000000,0.000000,0.000000,0.000000
0.000000,1.713122,1.000000,0.000000,0.000000,0.000000
0.000000,3.008818,1.000000,0.000000,0.000000,0.000000
0.000000,3.155422,1.000000,0.000000,0.000000,0.000000
0.000000,3.949441,1.000000,0.000000,0.000000,0.000000
0.000000,1.294356,1.000000,0.000000,0.000000,0.000000
0.000000,4.636388,1.000000,0.000000,0.000000,0.000000
3.170707,0.000000,1.000000,1.000000,1.000000,1.000000
2.586428,0.000000,1.000000,1.000000,0.000000,0.000000
3.416917,0.000000,1.000000,1.000000,0.000000,0.000000
4.100253,0.000000,1.000000,1.000000,0.000000,0.000000
4.444029,0.000000,1.000000,1.000000,0.000000,0.000000
2.428766,0.000000,1.000000,1.000000,0.000000,0.000000
3.484172,0.000000,1.000000,1.000000,0.000000,0.000000
2.044769,0.000000,1.000000,1.000000,0.000000,0.000000
4.054681,0.000000,1.000000,1.000000,0.000000,0.000000
4.919548,0.000000,1.000000,1.000000,0.000000,0.000000
2.589671,0.000000,1.000000,1.000000,0.000000,0.000000
3.681025,0.000000,1.000000,1.000000,0.000000,0.000000
3.917333,0.000000,1.000000,1.000000,0.000000,0.000000
5.653914,0.000000,1.000000,1.000000,0.000000,0.000000
2.620931,0.000000,1.000000,1.000000,0.000000,0.000000
2.620514,0.000000,1.000000,1.000000,0.000000,0.000000
3.124688,0.000000,1.000000,1.000000,0.000000,0.000000
4.674833,0.000000,1.000000,1.000000,0.000000,0.000000
5.728257,0.000000,1.000000,1.000000,0.000000,0.000000
2.399321,0.000000,1.000000,1.000000,0.000000,0.000000
2.963197,0.000000,1.000000,1.000000,0.000000,0.000000
3.758052,0.000000,1.000000,1.000000,0.000000,0.000000
1.901463,0.000000,1.000000,1.000000,0.000000,0.000000
3.064298,0.000000,1.000000,1.000000,0.000000,0.000000
5.074412,0.000000,1.000000,1.000000,0.000000,0.000000
1.400960,0.000000,1.000000,1.000000,0.000000,0.000000
3.877645,0.000000,1.000000,1.000000,0.000000,0.000000
4.114534,0.000000,1.000000,1.000000,0.000000,0.000000
0.000000,2.378631,1.000000,0.000000,1.000000,1.000000
0.000000,4.104640,1.000000,0.000000,0.000000,0.000000
0.000000,2.157971,1.000000,0.000000,0.000000,0.000000
0.000000,3.717633,1.000000,0.000000,0.000000,0.000000
0.000000,4.247736,1.000000,0.000000,0.000000,0.000000
0.000000,3.559510,1.000000,0.000000,0.000000,0.000000
0.000000,2.762459,1.000000,0.000000,0.000000,0.000000
0.000000,2.475645,1.000000,0.000000,0.000000,0.000000
0.000000,4.018983,1.000000,0.000000,0.000000,0.000000
0.000000,2.613891,1.000000,0.000000,0.000000,0.000000
0.000000,2.883404,1.000000,0.000000,0.000000,0.000000
0.000000,3.867490,1.000000,0.000000,0.000000,0.000000
0.000000,2.624544,1.000000,0.000000,0.000000,0.000000
0.000000,2.936706,1.000000,0.000000,0.000000,0.000000
0.000000,4.602113,1.000000,0.000000,0.000000,0.000000
0.000000,1.101408,1.000000,0.000000,0.000000,0.000000
0.000000,2.682267,1.000000,0.000000,0.000000,0.000000
0.000000,1.810086,1.000000,0.000000,0.000000,0.000000
0.000000,1.331952,1.000000,0.000000,0.000000,0.000000
0.000000,3.051379,1.000000,0.000000,0.000000,0.000000
0.000000,2.888240,1.000000,0.000000,0.000000,0.000000
1.768668,0.000000,1.000000,1.000000,1.000000,1.000000
0.977888,0.000000,1.000000,1.000000,0.000000,0.000000
3.554772,0.000000,1.000000,1.000000,0.000000,0.000000
2.069356,0.000000,1.000000,1.000000,0.000000,0.000000
4.159879,0.000000,1.000000,1.000000,0.000000,0.000000
2.856966,0.000000,1.000000,1.000000,0.000000,0.000000
3.120298,0.000000,1.000000,1.000000,0.000000,0.000000
2.433277,0.000000,1.000000,1.000000,0.000000,0.000000
3.745046,0.000000,1.000000,1.000000,0.000000,0.000000
3.201829,0.000000,1.000000,1.000000,0.000000,0.000000
3.927663,0.000000,1.000000,1.000000,0.000000,0.000000
3.804722,0.000000,1.000000,1.000000,0.000000,0.000000
3.724645,0.000000,1.000000,1.000000,0.000000,0.000000
3.498378,0.000000,1.000000,1.000000,0.000000,0.000000
1.321904,0.000000,1.000000,1.000000,0.000000,0.000000
1.175393,0.000000,1.000000,1.000000,0.000000,0.000000
3.738395,0.000000,1.000000,1.000000,0.000000,0.000000
2.984917,0.000000,1.000000,1.000000,0.000000,0.000000
4.331324,0.000000,1.000000,1.000000,0.000000,0.000000
2.833990,0.000000,1.000000,1.000000,0.000000,0.000000
3.282572,0.000000,1.000000,1.000000,0.000000,0.000000
2.988625,0.000000,1.000000,1.000000,0.000000,0.000000
3.933343,0.000000,1.000000,1.000000,0.000000,0.000000
2.952890,0.000000,1.000000,1.000000,0.000000,0.000000
1.146307,0.000000,1.000000,1.000000,0.000000,0.000000
3.803432,0.000000,1.000000,1.000000,0.000000,0.000000
3.108426,0.000000,1.000000,1.000000,0.000000,0.000000
4.112905,0.000000,1.000000,1.000000,0.000000,0.000000
2.589518,0.000000,1.000000,1.000000,0.000000,0.000000
1.798960,0.000000,1.000000,1.000000,0.000000,0.000000
3.493368,0.000000,1.000000,1.000000,0.000000,0.000000
4.600836,0.000000,1.000000,1.000000,0.000000,0.000000
0.000000,0.383204,1.000000,0.000000,1.000000,1.000000
0.000000,4.501419,1.000000,0.000000,0.000000,0.000000
0.000000,3.580665,1.000000,0.000000,0.000000,0.000000
0.000000,2.007460,1.000000,0.000000,0.000000,0.000000
0.000000,3.223566,1.000000,0.000000,0.000000,0.000000
0.000000,2.597974,1.000000,0.000000,0.000000,0.000000
0.000000,3.452996,1.000000,0.000000,0.000000,0.000000
0.000000,3.647208,1.000000,0.000000,0.000000,0.000000
0.000000,1.433356,1.000000,0.000000,0.000000,0.000000
0.000000,2.425264,1.000000,0.000000,0.000000,0.000000
0.000000,3.848269,1.000000,0.000000,0.000000,0.000000
0.000000,2.982499,1.000000,0.000000,0.000000,0.000000
0.000000,2.330872,1.000000,0.000000,0.000000,0.000000
0.000000,1.812447,1.000000,0.000000,0.000000,0.000000
0.000000,0.991612,1.000000,0.000000,0.000000,0.000000
0.000000,4.001114,1.000000,0.000000,0.000000,0.000000
0.000000,3.013063,1.000000,0.000000,0.000000,0.000000
0.000000,1.494867,1.000000,0.000000,0.000000,0.000000
0.000000,3.065730,1.000000,0.000000,0.000000,0.000000
0.000000,2.869082,1.000000,0.000000,0.000000,0.000000
0.000000,3.654430,1.000000,0.000000,0.000000,0.000000
0.000000,2.148325,1.000000,0.000000,0.000000,0.000000
0.000000,4.349904,1.000000,0.000000,0.000000,0.000000
0.000000,1.820956,1.000000,0.000000,0.000000,0.000000
0.000000,3.248788,1.000000,0.000000,0.000000,0.000000
0.000000,3.248141,1.000000,0.000000,0.000000,0.000000
0.000000,3.290907,1.000000,0.000000,0.000000,0.000000
0.000000,3.851168,1.000000,0.000000,0.000000,0.000000
0.000000,4.077858,1.000000,0.000000,0.000000,0.000000
0.000000,2.812494,1.000000,0.000000,0.000000,0.000000
0.000000,2.530137,1.000000,0.000000,0.000000,0.000000
0.000000,3.035546,1.000000,0.000000,0.000000,0.000000
0.000000,3.375560,1.000000,0.000000,0.000000,0.000000
0.000000,3.665640,1.000000,0.000000,0.000000,0.000000
0.000000,3.447075,1.000000,0.000000,0.000000,0.000000
2.242809,0.000000,1.000000,1.000000,1.000000,1.000000
1.421390,0.000000,1.000000,1.000000,0.000000,0.000000
2.289621,0.000000,1.000000,1.000000,0.000000,0.000000
3.762532,0.000000,1.000000,1.000000,0.000000,0.000000
3.046609,0.000000,1.000000,1.000000,0.000000,0.000000
5.007679,0.000000,1.000000,1.000000,0.000000,0.000000
2.268996,0.000000,1.000000,1.000000,0.000000,0.000000
3.550317,0.000000,1.000000,1.000000,0.000000,0.000000
2.246394,0.000000,1.000000,1.000000,0.000000,0.000000
4.106875,0.000000,1.000000,1.000000,0.000000,0.000000
2.378768,0.000000,1.000000,1.000000,0.000000,0.000000
4.030584,0.000000,1.000000,1.000000,0.000000,0.000000
1.663433,0.000000,1.000000,1.000000,0.000000,0.000000
3.259089,0.000000,1.000000,1.000000,0.000000,0.000000
3.588582,0.000000,1.000000,1.000000,0.000000,0.000000
1.587119,0.000000,1.000000,1.000000,0.000000,0.000000
2.996621,0.000000,1.000000,1.000000,0.000000,0.000000
3.430430,0.000000,1.000000,1.000000,0.000000,0.000000
2.612710,0.000000,1.000000,1.000000,0.000000,0.000000
2.689009,0.000000,1.000000,1.000000,0.000000,0.000000
4.443943,0.000000,1.000000,1.000000,0.000000,0.000000
0.874753,0.000000,1.000000,1.000000,0.000000,0.000000
4.176247,0.000000,1.000000,1.000000,0.000000,0.000000
3.453022,0.000000,1.000000,1.000000,0.000000,0.000000
1.468765,0.000000,1.000000,1.000000,0.000000,0.000000
2.438313,0.000000,1.000000,1.000000,0.000000,0.000000
5.523421,0.000000,1.000000,1.000000,0.000000,0.000000
1.847914,0.000000,1.000000,1.000000,0.000000,0.000000
2.661913,0.000000,1.000000,1.000000,0.000000,0.000000
2.948255,0.000000,1.000000,1.000000,0.000000,0.000000
2.920217,0.000000,1.000000,1.000000,0.000000,0.000000
4.101842,0.000000,1.000000,1.000000,0.000000,0.000000
3.943615,0.000000,1.000000,1.000000,0.000000,0.000000
3.467909,0.000000,1.000000,1.000000,0.000000,0.000000
2.174895,0.000000,1.000000,1.000000,0.000000,0.000000
0.000000,2.596342,1.000000,0.000000,1.000000,1.000000
0.000000,1.680699,1.000000,0.000000,0.000000,0.000000
0.000000,2.351631,1.000000,0.000000,0.000000,0.000000
0.000000,2.266795,1.000000,0.000000,0.000000,0.000000
0.000000,4.561653,1.000000,0.000000,0.000000,0.000000
0.000000,3.144632,1.000000,0.000000,0.000000,0.000000
0.000000,4.700502,1.000000,0.000000,0.000000,0.000000
0.000000,1.381431,1.000000,0.000000,0.000000,0.000000
0.000000,4.663845,1.000000,0.000000,0.000000,0.000000
0.000000,4.201874,1.000000,0.000000,0.000000,0.000000
0.000000,3.091306,1.000000,0.000000,0.000000,0.000000
0.000000,3.232341,1.000000,0.000000,0.000000,0.000000
0.000000,1.487484,1.000000,0.000000,0.000000,0.000000
0.000000,2.241280,1.000000,0.000000,0.000000,0.000000
0.000000,2.144280,1.000000,0.000000,0.000000,0.000000
0.000000,2.952600,1.000000,0.000000,0.000000,0.000000
0.000000,3.993193,1.000000,0.000000,0.000000,0.000000
0.000000,4.955679,1.000000,0.000000,0.000000,0.000000
0.000000,5.112166,1.000000,0.000000,0.000000,0.000000
0.000000,1.888778,1.000000,0.000000,0.000000,0.000000
0.000000,0.819037,1.000000,0.000000,0.000000,0.000000
0.000000,2.257118,1.000000,0.000000,0.000000,0.000000
0.000000,3.624423,1.000000,0.000000,0.000000,0.000000
0.000000,1.682448,1.000000,0.000000,0.000000,0.000000
0.000000,1.990554,1.000000,0.000000,0.000000,0.000000
0.000000,5.131405,1.000000,0.000000,0.000000,0.000000
0.000000,3.121908,1.000000,0.000000,0.000000,0.000000
0.000000,2.684140,1.000000,0.000000,0.000000,0.000000
0.000000,3.734545,1.000000,0.000000,0.000000,0.000000
0.000000,3.558042,1.000000,0.000000,0.000000,0.000000
0.000000,2.770885,1.000000,0.000000,0.000000,0.000000
0.000000,3.458598,1.000000,0.000000,0.000000,0.000000
0.000000,5.445362,1.000000,0.000000,0.000000,0.000000
0.000000,3.448918,1.000000,0.000000,0.000000,0.000000
3.255545,0.000000,1.000000,1.000000,1.000000,1.000000
3.028233,0.000000,1.000000,1.000000,0.000000,0.000000
3.735803,0.000000,1.000000,1.000000,0.000000,0.000000
2.225958,0.000000,1.000000,1.000000,0.000000,0.000000
0.294772,0.000000,1.000000,1.000000,0.000000,0.000000
3.472098,0.000000,1.000000,1.000000,0.000000,0.000000
2.016806,0.000000,1.000000,1.000000,0.000000,0.000000
2.123641,0.000000,1.000000,1.000000,0.000000,0.000000
2.152949,0.000000,1.000000,1.000000,0.000000,0.000000
2.586884,0.000000,1.000000,1.000000,0.000000,0.000000
4.158222,0.000000,1.000000,1.000000,0.000000,0.000000
4.068135,0.000000,1.000000,1.000000,0.000000,0.000000
2.712882,0.000000,1.000000,1.000000,0.000000,0.000000
0.778683,0.000000,1.000000,1.000000,0.000000,0.000000
2.173943,0.000000,1.000000,1.000000,0.000000,0.000000
4.119445,0.000000,1.000000,1.000000,0.000000,0.000000
3.550434,0.000000,1.000000,1.000000,0.000000,0.000000
3.121709,0.000000,1.000000,1.000000,0.000000,0.000000
3.191919,0.000000,1.000000,1.000000,0.000000,0.000000
4.086233,0.000000,1.000000,1.000000,0.000000,0.000000
2.885160,0.000000,1.000000,1.000000,0.000000,0.000000
2.453441,0.000000,1.000000,1.000000,0.000000,0.000000
3.805037,0.000000,1.000000,1.000000,0.000000,0.000000
3.068640,0.000000,1.000000,1.000000,0.000000,0.000000
2.799302,0.000000,1.000000,1.000000,0.000000,0.000000
3.656357,0.000000,1.000000,1.000000,0.000000,0.000000
2.181355,0.000000,1.000000,1.000000,0.000000,0.000000
4.351946,0.000000,1.000000,1.000000,0.000000,0.000000
1.989515,0.000000,1.000000,1.000000,0.000000,0.000000
2.376276,0.000000,1.000000,1.000000,0.000000,0.000000
1.757837,0.000000,1.000000,1.000000,0.000000,0.000000
1.185657,0.000000,1.000000,1.000000,0.000000,0.000000
2.597862,0.000000,1.000000,1.000000,0.000000,0.000000
2.791520,0.000000,1.000000,1.000000,0.000000,0.000000
4.052016,0.000000,1.000000,1.000000,0.000000,0.000000
1.305823,0.000000,1.000000,1.000000,0.000000,0.000000
2.629055,0.000000,1.000000,1.000000,0.000000,0.000000
0.000000,2.363407,1.000000,0.000000,1.000000,1.000000
0.000000,3.315022,1.000000,0.000000,0.000000,0.000000
0.000000,1.671606,1.000000,0.000000,0.000000,0.000000
0.000000,1.826869,1.000000,0.000000,0.000000,0.000000
0.000000,2.561013,1.000000,0.000000,0.000000,0.000000
0.000000,4.405059,1.000000,0.000000,0.000000,0.000000
0.000000,2.266441,1.000000,0.000000,0.000000,0.000000
0.000000,3.975636,1.000000,0.000000,0.000000,0.000000
0.000000,1.587985,1.000000,0.000000,0.000000,0.000000
0.000000,5.181464,1.000000,0.000000,0.000000,0.000000
0.000000,1.854375,1.000000,0.000000,0.000000,0.000000
0.000000,3.686021,1.000000,0.000000,0.000000,0.000000
0.000000,1.998602,1.000000,0.000000,0.000000,0.000000
0.000000,2.402817,1.000000,0.000000,0.000000,0.000000
0.000000,2.136538,1.000000,0.000000,0.000000,0.000000
0.000000,0.719223,1.000000,0.000000,0.000000,0.000000
0.000000,3.103079,1.000000,0.000000,0.000000,0.000000
0.000000,4.278245,1.000000,0.000000,0.000000,0.000000
0.000000,4.574304,1.000000,0.000000,0.000000,0.000000
0.000000,2.392485,1.000000,0.000000,0.000000,0.000000
0.000000,4.568982,1.000000,0.000000,0.000000,0.000000
0.000000,1.446903,1.000000,0.000000,0.000000,0.000000
0.000000,1.341686,1.000000,0.000000,0.000000,0.000000
0.000000,2.345809,1.000000,0.000000,0.000000,0.000000
0.000000,2.037965,1.000000,0.000000,0.000000,0.000000
0.000000,2.292636,1.000000,0.000000,0.000000,0.000000
0.000000,4.346820,1.000000,0.000000,0.000000,0.000000
0.000000,3.412371,1.000000,0.000000,0.000000,0.000000
0.000000,2.363119,1.000000,0.000000,0.000000,0.000000
0.000000,3.388462,1.000000,0.000000,0.000000,0.000000
0.000000,2.035421,1.000000,0.000000,0.000000,0.000000
0.000000,3.240100,1.000000,0.000000,0.000000,0.000000
0.000000,0.641628,1.000000,0.000000,0.000000,0.000000
0.000000,3.333502,1.000000,0.000000,0.000000,0.000000
0.000000,5.395544,1.000000,0.000000,0.000000,0.000000
0.000000,4.743573,1.000000,0.000000,0.000000,0.000000
0.000000,2.230867,1.000000,0.000000,0.000000,0.000000
3.608532,0.000000,1.000000,1.000000,1.000000,1.000000
3.052519,0.000000,1.000000,1.000000,0.000000,0.000000
3.513848,0.000000,1.000000,1.000000,0.000000,0.000000
1.901511,0.000000,1.000000,1.000000,0.000000,0.000000
1.039257,0.000000,1.000000,1.000000,0.000000,0.000000
4.528856,0.000000,1.000000,1.000000,0.000000,0.000000
3.594545,0.000000,1.000000,1.000000,0.000000,0.000000
5.115963,0.000000,1.000000,1.000000,0.000000,0.000000
3.298884,0.000000,1.000000,1.000000,0.000000,0.000000
4.194244,0.000000,1.000000,1.000000,0.000000,0.000000
2.331101,0.000000,1.000000,1.000000,0.000000,0.000000
2.844861,0.000000,1.000000,1.000000,0.000000,0.000000
2.210329,0.000000,1.000000,1.000000,0.000000,0.000000
3.727657,0.000000,1.000000,1.000000,0.000000,0.000000
3.098164,0.000000,1.000000,1.000000,0.000000,0.000000
1.843025,0.000000,1.000000,1.000000,0.000000,0.000000
2.538697,0.000000,1.000000,1.000000,0.000000,0.000000
2.443925,0.000000,1.000000,1.000000,0.000000,0.000000
2.933859,0.000000,1.000000,1.000000,0.000000,0.000000
3.263794,0.000000,1.000000,1.000000,0.000000,0.000000
2.481586,0.000000,1.000000,1.000000,0.000000,0.000000
2.046316,0.000000,1.000000,1.000000,0.000000,0.000000
3.096417,0.000000,1.000000,1.000000,0.000000,0.000000
2.822744,0.000000,1.000000,1.000000,0.000000,0.000000
3.699674,0.000000,1.000000,1.000000,0.000000,0.000000
4.540095,0.000000,1.000000,1.000000,0.000000,0.000000
5.346166,0.000000,1.000000,1.000000,0.000000,0.000000
2.123526,0.000000,1.000000,1.000000,0.000000,0.000000
4.016700,0.000000,1.000000,1.000000,0.000000,0.000000
3.508725,0.000000,1.000000,1.000000,0.000000,0.000000
4.403814,0.000000,1.000000,1.000000,0.000000,0.000000
4.251017,0.000000,1.000000,1.000000,0.000000,0.000000
1.069438,0.000000,1.000000,1.000000,0.000000,0.000000
3.186822,0.000000,1.000000,1.000000,0.000000,0.000000
4.440103,0.000000,1.000000,1.000000,0.000000,0.000000
4.124138,0.000000,1.000000,1.000000,0.000000,0.000000
0.000000,3.199595,1.000000,0.000000,1.000000,1.000000
0.000000,4.625945,1.000000,0.000000,0.000000,0.000000
0.000000,1.589009,1.000000,0.000000,0.000000,0.000000
0.000000,2.574043,1.000000,0.000000,0.000000,0.000000
0.000000,3.692788,1.000000,0.000000,0.000000,0.000000
0.000000,4.508276,1.000000,0.000000,0.000000,0.000000
0.000000,0.934982,1.000000,0.000000,0.000000,0.000000
0.000000,2.671921,1.000000,0.000000,0.000000,0.000000
0.000000,2.711588,1.000000,0.000000,0.000000,0.000000
0.000000,4.111695,1.000000,0.000000,0.000000,0.000000
0.000000,4.215249,1.000000,0.000000,0.000000,0.000000
0.000000,2.783296,1.000000,0.000000,0.000000,0.000000
0.000000,3.632775,1.000000,0.000000,0.000000,0.000000
0.000000,2.736439,1.000000,0.000000,0.000000,0.000000
0.000000,3.304366,1.000000,0.000000,0.000000,0.000000
0.000000,3.892961,1.000000,0.000000,0.000000,0.000000
0.000000,1.682898,1.000000,0.000000,0.000000,0.000000
0.000000,2.083262,1.000000,0.000000,0.000000,0.000000
0.000000,3.768448,1.000000,0.000000,0.000000,0.000000
0.000000,4.452475,1.000000,0.000000,0.000000,0.000000
0.000000,2.608850,1.000000,0.000000,0.000000,0.000000
0.000000,2.758327,1.000000,0.000000,0.000000,0.000000
0.000000,3.136172,1.000000,0.000000,0.000000,0.000000
0.000000,2.639050,1.000000,0.000000,0.000000,0.000000
0.000000,3.355435,1.000000,0.000000,0.000000,0.000000
0.000000,2.657565,1.000000,0.000000,0.000000,0.000000
0.000000,3.318728,1.000000,0.000000,0.000000,0.000000
2.827529,0.000000,1.000000,1.000000,1.000000,1.000000
3.539226,0.000000,1.000000,1.000000,0.000000,0.000000
2.890536,0.000000,1.000000,1.000000,0.000000,0.000000
2.083150,0.000000,1.000000,1.000000,0.000000,0.000000
2.257290,0.000000,1.000000,1.000000,0.000000,0.000000
3.469615,0.000000,1.000000,1.000000,0.000000,0.000000
3.476652,0.000000,1.000000,1.000000,0.000000,0.000000
4.095716,0.000000,1.000000,1.000000,0.000000,0.000000
4.180287,0.000000,1.000000,1.000000,0.000000,0.000000
2.976960,0.000000,1.000000,1.000000,0.000000,0.000000
2.516365,0.000000,1.000000,1.000000,0.000000,0.000000
2.771433,0.000000,1.000000,1.000000,0.000000,0.000000
2.954547,0.000000,1.000000,1.000000,0.000000,0.000000
3.856729,0.000000,1.000000,1.000000,0.000000,0.000000
3.600488,0.000000,1.000000,1.000000,0.000000,0.000000
2.829743,0.000000,1.000000,1.000000,0.000000,0.000000
3.188931,0.000000,1.000000,1.000000,0.000000,0.000000
1.643962,0.000000,1.000000,1.000000,0.000000,0.000000
2.906782,0.000000,1.000000,1.000000,0.000000,0.000000
4.578031,0.000000,1.000000,1.000000,0.000000,0.000000
1.203178,0.000000,1.000000,1.000000,0.000000,0.000000
2.763589,0.000000,1.000000,1.000000,0.000000,0.000000
3.904130,0.000000,1.000000,1.000000,0.000000,0.000000
2.836041,0.000000,1.000000,1.000000,0.000000,0.000000
3.507721,0.000000,1.000000,1.000000,0.000000,0.000000
2.949299,0.000000,1.000000,1.000000,0.000000,0.000000
2.552887,0.000000,1.000000,1.000000,0.000000,0.000000
2.181563,0.000000,1.000000,1.000000,0.000000,0.000000
3.833298,0.000000,1.000000,1.000000,0.000000,0.000000
3.140411,0.000000,1.000000,1.000000,0.000000,0.000000
3.231101,0.000000,1.000000,1.000000,0.000000,0.000000
0.000000,3.900509,1.000000,0.000000,1.000000,1.000000
0.000000,2.336514,1.000000,0.000000,0.000000,0.000000
0.000000,3.463015,1.000000,0.000000,0.000000,0.000000
0.000000,3.657186,1.000000,0.000000,0.000000,0.000000
0.000000,1.796796,1.000000,0.000000,0.000000,0.000000
0.000000,4.009843,1.000000,0.000000,0.000000,0.000000
0.000000,3.812877,1.000000,0.000000,0.000000,0.000000
0.000000,4.087218,1.000000,0.000000,0.000000,0.000000
0.000000,4.617059,1.000000,0.000000,0.000000,0.000000
0.000000,1.757333,1.000000,0.000000,0.000000,0.000000
0.000000,4.661964,1.000000,0.000000,0.000000,0.000000
0.000000,4.178555,1.000000,0.000000,0.000000,0.000000
0.000000,3.546533,1.000000,0.000000,0.000000,0.000000
0.000000,1.813063,1.000000,0.000000,0.000000,0.000000
0.000000,3.153630,1.000000,0.000000,0.000000,0.000000
0.000000,3.742718,1.000000,0.000000,0.000000,0.000000
0.000000,4.404153,1.000000,0.000000,0.000000,0.000000
0.000000,2.882905,1.000000,0.000000,0.000000,0.000000
0.000000,0.908201,1.000000,0.000000,0.000000,0.000000
0.000000,2.924998,1.000000,0.000000,0.000000,0.000000
0.000000,1.890138,1.000000,0.000000,0.000000,0.000000
0.000000,4.029024,1.000000,0.000000,0.000000,0.000000
0.000000,4.162252,1.000000,0.000000,0.000000,0.000000
0.000000,2.166576,1.000000,0.000000,0.000000,0.000000
0.000000,1.743245,1.000000,0.000000,0.000000,0.000000
0.000000,2.458146,1.000000,0.000000,0.000000,0.000000
0.000000,2.941588,1.000000,0.000000,0.000000,0.000000
0.000000,4.668233,1.000000,0.000000,0.000000,0.000000
0.000000,2.924618,1.000000,0.000000,0.000000,0.000000
0.000000,2.610853,1.000000,0.000000,0.000000,0.000000
0.000000,4.771856,1.000000,0.000000,0.000000,0.000000
0.000000,4.351940,1.000000,0.000000,0.000000,0.000000
0.000000,2.691565,1.000000,0.000000,0.000000,0.000000
0.000000,1.405957,1.000000,0.000000,0.000000,0.000000
2.727222,0.000000,1.000000,1.000000,1.000000,1.000000
2.110677,0.000000,1.000000,1.000000,0.000000,0.000000
3.403783,0.000000,1.000000,1.000000,0.000000,0.000000
2.388993,0.000000,1.000000,1.000000,0.000000,0.000000
3.145343,0.000000,1.000000,1.000000,0.000000,0.000000
2.149079,0.000000,1.000000,1.000000,0.000000,0.000000
2.731875,0.000000,1.000000,1.000000,0.000000,0.000000
4.228677,0.000000,1.000000,1.000000,0.000000,0.000000
2.274168,0.000000,1.000000,1.000000,0.000000,0.000000
3.789337,0.000000,1.000000,1.000000,0.000000,0.000000
2.186170,0.000000,1.000000,1.000000,0.000000,0.000000
4.083041,0.000000,1.000000,1.000000,0.000000,0.000000
3.557004,0.000000,1.000000,1.000000,0.000000,0.000000
4.860897,0.000000,1.000000,1.000000,0.000000,0.000000
1.973400,0.000000,1.000000,1.000000,0.000000,0.000000
3.009381,0.000000,1.000000,1.000000,0.000000,0.000000
3.165166,0.000000,1.000000,1.000000,0.000000,0.000000
2.677348,0.000000,1.000000,1.000000,0.000000,0.000000
3.951215,0.000000,1.000000,1.000000,0.000000,0.000000
2.909181,0.000000,1.000000,1.000000,0.000000,0.000000
3.097976,0.000000,1.000000,1.000000,0.000000,0.000000
3.311866,0.000000,1.000000,1.000000,0.000000,0.000000
1.937589,0.000000,1.000000,1.000000,0.000000,0.000000
3.864511,0.000000,1.000000,1.000000,0.000000,0.000000
3.415132,0.000000,1.000000,1.000000,0.000000,0.000000
3.241008,0.000000,1.000000,1.000000,0.000000,0.000000
3.499984,0.000000,1.000000,1.000000,0.000000,0.000000
4.413106,0.000000,1.000000,1.000000,0.000000,0.000000
2.568341,0.000000,1.000000,1.000000,0.000000,0.000000
0.000000,3.108720,1.000000,0.000000,1.000000,1.000000
0.000000,3.403840,1.000000,0.000000,0.000000,0.000000
0.000000,3.822946,1.000000,0.000000,0.000000,0.000000
0.000000,4.224707,1.000000,0.000000,0.000000,0.000000
0.000000,3.493288,1.000000,0.000000,0.000000,0.000000
0.000000,2.786875,1.000000,0.000000,0.000000,0.000000
0.000000,3.076733,1.000000,0.000000,0.000000,0.000000
0.000000,3.994376,1.000000,0.000000,0.000000,0.000000
0.000000,2.579429,1.000000,0.000000,0.000000,0.000000
0.000000,3.819713,1.000000,0.000000,0.000000,0.000000
0.000000,3.500212,1.000000,0.000000,0.000000,0.000000
0.000000,1.474422,1.000000,0.000000,0.000000,0.000000
0.000000,2.672844,1.000000,0.000000,0.000000,0.000000
0.000000,3.616598,1.000000,0.000000,0.000000,0.000000
0.000000,3.221388,1.000000,0.000000,0.000000,0.000000
0.000000,2.097698,1.000000,0.000000,0.000000,0.000000
0.000000,3.215065,1.000000,0.000000,0.000000,0.000000
0.000000,3.017142,1.000000,0.000000,0.000000,0.000000
0.000000,3.802422,1.000000,0.000000,0.000000,0.000000
0.000000,2.927616,1.000000,0.000000,0.000000,0.000000
0.000000,4.519944,1.000000,0.000000,0.000000,0.000000
0.000000,4.100841,1.000000,0.000000,0.000000,0.000000
0.000000,3.909521,1.000000,0.000000,0.000000,0.000000
0.000000,1.644377,1.000000,0.000000,0.000000,0.000000
0.000000,3.150395,1.000000,0.000000,0.000000,0.000000
0.000000,2.879625,1.000000,0.000000,0.000000,0.000000
0.000000,2.691724,1.000000,0.000000,0.000000,0.000000
0.000000,5.017965,1.000000,0.000000,0.000000,0.000000
2.118510,0.000000,1.000000,1.000000,1.000000,1.000000
1.934977,0.000000,1.000000,1.000000,0.000000,0.000000
3.039728,0.000000,1.000000,1.000000,0.000000,0.000000
3.216374,0.000000,1.000000,1.000000,0.000000,0.000000
1.321678,0.000000,1.000000,1.000000,0.000000,0.000000
0.832453,0.000000,1.000000,1.000000,0.000000,0.000000
4.324837,0.000000,1.000000,1.000000,0.000000,0.000000
2.510761,0.000000,1.000000,1.000000,0.000000,0.000000
2.144191,0.000000,1.000000,1.000000,0.000000,0.000000
2.948879,0.000000,1.000000,1.000000,0.000000,0.000000
3.403959,0.000000,1.000000,1.000000,0.000000,0.000000
2.716127,0.000000,1.000000,1.000000,0.000000,0.000000
4.260684,0.000000,1.000000,1.000000,0.000000,0.000000
2.841416,0.000000,1.000000,1.000000,0.000000,0.000000
4.218968,0.000000,1.000000,1.000000,0.000000,0.000000
3.860707,0.000000,1.000000,1.000000,0.000000,0.000000
1.574089,0.000000,1.000000,1.000000,0.000000,0.000000
2.363064,0.000000,1.000000,1.000000,0.000000,0.000000
3.317585,0.000000,1.000000,1.000000,0.000000,0.000000
3.134008,0.000000,1.000000,1.000000,0.000000,0.000000
2.774184,0.000000,1.000000,1.000000,0.000000,0.000000
4.294320,0.000000,1.000000,1.000000,0.000000,0.000000
3.202503,0.000000,1.000000,1.000000,0.000000,0.000000
4.659075,0.000000,1.000000,1.000000,0.000000,0.000000
0.000000,2.534066,1.000000,0.000000,1.000000,1.000000
0.000000,4.722669,1.000000,0.000000,0.000000,0.000000
0.000000,2.199105,1.000000,0.000000,0.000000,0.000000
0.000000,1.993384,1.000000,0.000000,0.000000,0.000000
0.000000,3.367654,1.000000,0.000000,0.000000,0.000000
0.000000,2.138966,1.000000,0.000000,0.000000,0.000000
0.000000,3.022411,1.000000,0.000000,0.000000,0.000000
0.000000,3.516918,1.000000,0.000000,0.000000,0.000000
0.000000,2.855708,1.000000,0.000000,0.000000,0.000000
0.000000,1.495143,1.000000,0.000000,0.000000,0.000000
0.000000,2.843659,1.000000,0.000000,0.000000,0.000000
0.000000,1.480485,1.000000,0.000000,0.000000,0.000000
0.000000,4.525832,1.000000,0.000000,0.000000,0.000000
0.000000,4.839046,1.000000,0.000000,0.000000,0.000000
0.000000,1.263414,1.000000,0.000000,0.000000,0.000000
0.000000,2.526320,1.000000,0.000000,0.000000,0.000000
0.000000,3.731675,1.000000,0.000000,0.000000,0.000000
0.000000,2.894358,1.000000,0.000000,0.000000,0.000000
0.000000,3.003246,1.000000,0.000000,0.000000,0.000000
0.000000,4.462741,1.000000,0.000000,0.000000,0.000000
0.000000,2.667922,1.000000,0.000000,0.000000,0.000000
0.000000,2.710645,1.000000,0.000000,0.000000,0.000000
0.000000,4.456440,1.000000,0.000000,0.000000,0.000000
0.000000,2.361363,1.000000,0.000000,0.000000,0.000000
0.000000,2.603003,1.000000,0.000000,0.000000,0.000000
0.000000,2.288205,1.000000,0.000000,0.000000,0.000000
0.000000,3.010205,1.000000,0.000000,0.000000,0.000000
0.000000,2.404135,1.000000,0.000000,0.000000,0.000000
0.000000,1.420204,1.000000,0.000000,0.000000,0.000000
