t1_baseReward, t2_baseReward, ssd, changepoint, rewardDelta, muRewardDelta, sigma
0.500313,0.499687,nan,0.000000,-0.000627,-0.024993,0.064387
0.533113,0.466887,nan,0.000000,-0.066227,-0.024993,0.064387
0.481459,0.518541,nan,0.000000,0.037082,-0.024993,0.064387
0.446497,0.553503,nan,0.000000,0.107006,-0.024993,0.064387
0.556776,0.443224,nan,0.000000,-0.113552,-0.024993,0.064387
0.494154,0.505846,nan,0.000000,0.011692,-0.024993,0.064387
0.479054,0.520946,nan,0.000000,0.041892,-0.024993,0.064387
0.467054,0.532946,nan,0.000000,0.065892,-0.024993,0.064387
0.526184,0.473816,nan,0.000000,-0.052368,-0.024993,0.064387
0.495540,0.504460,nan,0.000000,0.008921,-0.024993,0.064387
0.516557,0.483443,nan,0.000000,-0.033113,-0.024993,0.064387
0.477965,0.522035,nan,0.000000,0.044070,-0.024993,0.064387
0.491720,0.508280,nan,0.000000,0.016561,-0.024993,0.064387
0.524999,0.475001,nan,0.000000,-0.049998,-0.024993,0.064387
0.512097,0.487903,nan,0.000000,-0.024195,-0.024993,0.064387
0.505290,0.494710,nan,0.000000,-0.010581,-0.024993,0.064387
0.554812,0.445188,nan,0.000000,-0.109625,-0.024993,0.064387
0.512481,0.487519,nan,0.000000,-0.024961,-0.024993,0.064387
0.463036,0.536964,nan,0.000000,0.073928,-0.024993,0.064387
0.452834,0.547166,nan,0.000000,0.094332,-0.024993,0.064387
0.530598,0.469402,nan,0.000000,-0.061197,-0.024993,0.064387
0.491023,0.508977,nan,0.000000,0.017955,-0.024993,0.064387
0.542769,0.457231,nan,0.000000,-0.085538,-0.024993,0.064387
0.464315,0.535685,nan,0.000000,0.071369,-0.024993,0.064387
0.514408,0.485592,nan,0.000000,-0.028816,-0.024993,0.064387
0.472271,0.527729,nan,0.000000,0.055458,-0.024993,0.064387
0.520246,0.479754,nan,0.000000,-0.040492,-0.024993,0.064387
0.511036,0.488964,nan,0.000000,-0.022071,-0.024993,0.064387
0.404274,0.595726,nan,1.000000,0.191452,0.176277,0.064387
0.425759,0.574241,nan,0.000000,0.148481,0.176277,0.064387
0.345953,0.654047,nan,0.000000,0.308093,0.176277,0.064387
0.481288,0.518712,nan,0.000000,0.037424,0.176277,0.064387
0.364674,0.635326,nan,0.000000,0.270652,0.176277,0.064387
0.391314,0.608686,nan,0.000000,0.217371,0.176277,0.064387
0.382799,0.617201,nan,0.000000,0.234401,0.176277,0.064387
0.444157,0.555843,nan,0.000000,0.111686,0.176277,0.064387
0.403039,0.596961,nan,0.000000,0.193922,0.176277,0.064387
0.441870,0.558130,nan,0.000000,0.116259,0.176277,0.064387
0.411826,0.588174,nan,0.000000,0.176347,0.176277,0.064387
0.411407,0.588593,nan,0.000000,0.177187,0.176277,0.064387
0.473237,0.526763,nan,0.000000,0.053526,0.176277,0.064387
0.463467,0.536533,nan,0.000000,0.073067,0.176277,0.064387
0.369916,0.630084,nan,0.000000,0.260169,0.176277,0.064387
0.405461,0.594539,nan,0.000000,0.189078,0.176277,0.064387
0.416423,0.583577,nan,0.000000,0.167155,0.176277,0.064387
0.363935,0.636065,nan,0.000000,0.272129,0.176277,0.064387
0.419251,0.580749,nan,0.000000,0.161499,0.176277,0.064387
0.412667,0.587333,nan,0.000000,0.174666,0.176277,0.064387
0.371990,0.628010,nan,0.000000,0.256019,0.176277,0.064387
0.365376,0.634624,nan,0.000000,0.269248,0.176277,0.064387
0.367993,0.632007,nan,0.000000,0.264015,0.176277,0.064387
0.395238,0.604762,nan,0.000000,0.209524,0.176277,0.064387
0.465045,0.534955,nan,0.000000,0.069910,0.176277,0.064387
0.407006,0.592994,nan,0.000000,0.185987,0.176277,0.064387
0.340486,0.659514,nan,0.000000,0.319027,0.176277,0.064387
0.408471,0.591529,nan,0.000000,0.183058,0.176277,0.064387
0.428395,0.571605,nan,0.000000,0.143209,0.176277,0.064387
0.441954,0.558046,nan,0.000000,0.116091,0.176277,0.064387
0.410190,0.589810,nan,0.000000,0.179620,0.176277,0.064387
0.352218,0.647782,nan,0.000000,0.295563,0.176277,0.064387
0.356458,0.643542,nan,0.000000,0.287083,0.176277,0.064387
0.503252,0.496748,nan,0.000000,-0.006503,0.176277,0.064387
0.416421,0.583579,nan,0.000000,0.167157,0.176277,0.064387
0.466112,0.533888,nan,0.000000,0.067777,0.176277,0.064387
0.347516,0.652484,nan,0.000000,0.304968,0.176277,0.064387
0.405432,0.594568,nan,1.000000,0.189136,0.184058,0.064387
0.442573,0.557427,nan,0.000000,0.114855,0.184058,0.064387
0.374756,0.625244,nan,0.000000,0.250488,0.184058,0.064387
0.408818,0.591182,nan,0.000000,0.182365,0.184058,0.064387
0.374940,0.625060,nan,0.000000,0.250121,0.184058,0.064387
0.439724,0.560276,nan,0.000000,0.120551,0.184058,0.064387
0.408447,0.591553,nan,0.000000,0.183105,0.184058,0.064387
0.428526,0.571474,nan,0.000000,0.142948,0.184058,0.064387
0.380070,0.619930,nan,0.000000,0.239860,0.184058,0.064387
0.414456,0.585544,nan,0.000000,0.171087,0.184058,0.064387
0.409629,0.590371,nan,0.000000,0.180742,0.184058,0.064387
0.402800,0.597200,nan,0.000000,0.194400,0.184058,0.064387
0.391637,0.608363,nan,0.000000,0.216726,0.184058,0.064387
0.446237,0.553763,nan,0.000000,0.107526,0.184058,0.064387
0.373561,0.626439,nan,0.000000,0.252878,0.184058,0.064387
0.386456,0.613544,nan,0.000000,0.227088,0.184058,0.064387
0.400529,0.599471,nan,0.000000,0.198942,0.184058,0.064387
0.469386,0.530614,nan,0.000000,0.061228,0.184058,0.064387
0.401692,0.598308,nan,0.000000,0.196615,0.184058,0.064387
0.354712,0.645288,nan,0.000000,0.290576,0.184058,0.064387
0.368976,0.631024,nan,0.000000,0.262049,0.184058,0.064387
0.427285,0.572715,nan,0.000000,0.145429,0.184058,0.064387
0.399505,0.600495,nan,0.000000,0.200991,0.184058,0.064387
0.440353,0.559647,nan,0.000000,0.119294,0.184058,0.064387
0.397772,0.602228,nan,0.000000,0.204455,0.184058,0.064387
0.360890,0.639110,nan,0.000000,0.278220,0.184058,0.064387
0.435876,0.564124,nan,0.000000,0.128247,0.184058,0.064387
0.441248,0.558752,nan,0.000000,0.117505,0.184058,0.064387
0.506891,0.493109,nan,1.000000,-0.013783,-0.084819,0.064387
0.573047,0.426953,nan,0.000000,-0.146095,-0.084819,0.064387
0.528877,0.471123,nan,0.000000,-0.057753,-0.084819,0.064387
0.539737,0.460263,nan,0.000000,-0.079475,-0.084819,0.064387
0.563293,0.436707,nan,0.000000,-0.126586,-0.084819,0.064387
0.500135,0.499865,nan,0.000000,-0.000270,-0.084819,0.064387
0.504742,0.495258,nan,0.000000,-0.009485,-0.084819,0.064387
0.546345,0.453655,nan,0.000000,-0.092690,-0.084819,0.064387
0.511399,0.488601,nan,0.000000,-0.022799,-0.084819,0.064387
0.549981,0.450019,nan,0.000000,-0.099962,-0.084819,0.064387
0.556999,0.443001,nan,0.000000,-0.113999,-0.084819,0.064387
0.516907,0.483093,nan,0.000000,-0.033814,-0.084819,0.064387
0.544412,0.455588,nan,0.000000,-0.088824,-0.084819,0.064387
0.528669,0.471331,nan,0.000000,-0.057337,-0.084819,0.064387
0.574570,0.425430,nan,0.000000,-0.149140,-0.084819,0.064387
0.510331,0.489669,nan,0.000000,-0.020663,-0.084819,0.064387
0.541804,0.458196,nan,0.000000,-0.083607,-0.084819,0.064387
0.572199,0.427801,nan,0.000000,-0.144397,-0.084819,0.064387
0.562414,0.437586,nan,0.000000,-0.124828,-0.084819,0.064387
0.494817,0.505183,nan,0.000000,0.010366,-0.084819,0.064387
0.579760,0.420240,nan,0.000000,-0.159520,-0.084819,0.064387
0.539273,0.460727,nan,0.000000,-0.078546,-0.084819,0.064387
0.531923,0.468077,nan,0.000000,-0.063845,-0.084819,0.064387
0.512641,0.487359,nan,0.000000,-0.025283,-0.084819,0.064387
0.567695,0.432305,nan,0.000000,-0.135390,-0.084819,0.064387
0.557709,0.442291,nan,0.000000,-0.115418,-0.084819,0.064387
0.548276,0.451724,nan,0.000000,-0.096552,-0.084819,0.064387
0.561671,0.438329,nan,0.000000,-0.123342,-0.084819,0.064387
0.573287,0.426713,nan,0.000000,-0.146573,-0.084819,0.064387
0.479448,0.520552,nan,0.000000,0.041104,-0.084819,0.064387
0.535607,0.464393,nan,1.000000,-0.071214,-0.134507,0.064387
0.587273,0.412727,nan,0.000000,-0.174545,-0.134507,0.064387
0.517258,0.482742,nan,0.000000,-0.034516,-0.134507,0.064387
0.551273,0.448727,nan,0.000000,-0.102545,-0.134507,0.064387
0.573495,0.426505,nan,0.000000,-0.146990,-0.134507,0.064387
0.642952,0.357048,nan,0.000000,-0.285905,-0.134507,0.064387
0.558205,0.441795,nan,0.000000,-0.116410,-0.134507,0.064387
0.596315,0.403685,nan,0.000000,-0.192630,-0.134507,0.064387
0.620590,0.379410,nan,0.000000,-0.241179,-0.134507,0.064387
0.546285,0.453715,nan,0.000000,-0.092569,-0.134507,0.064387
0.550198,0.449802,nan,0.000000,-0.100396,-0.134507,0.064387
0.612425,0.387575,nan,0.000000,-0.224851,-0.134507,0.064387
0.532386,0.467614,nan,0.000000,-0.064771,-0.134507,0.064387
0.582986,0.417014,nan,0.000000,-0.165973,-0.134507,0.064387
0.579559,0.420441,nan,0.000000,-0.159117,-0.134507,0.064387
0.546188,0.453812,nan,0.000000,-0.092376,-0.134507,0.064387
0.543321,0.456679,nan,0.000000,-0.086643,-0.134507,0.064387
0.513965,0.486035,nan,0.000000,-0.027930,-0.134507,0.064387
0.537815,0.462185,nan,0.000000,-0.075629,-0.134507,0.064387
0.601832,0.398168,nan,0.000000,-0.203664,-0.134507,0.064387
0.568624,0.431376,nan,0.000000,-0.137248,-0.134507,0.064387
0.561035,0.438965,nan,0.000000,-0.122071,-0.134507,0.064387
0.520824,0.479176,nan,0.000000,-0.041649,-0.134507,0.064387
0.583099,0.416901,nan,0.000000,-0.166198,-0.134507,0.064387
0.382740,0.617260,nan,1.000000,0.234520,0.161584,0.064387
0.391670,0.608330,nan,0.000000,0.216659,0.161584,0.064387
0.496316,0.503684,nan,0.000000,0.007368,0.161584,0.064387
0.385834,0.614166,nan,0.000000,0.228333,0.161584,0.064387
0.388302,0.611698,nan,0.000000,0.223395,0.161584,0.064387
0.295432,0.704568,nan,0.000000,0.409136,0.161584,0.064387
0.413810,0.586190,nan,0.000000,0.172379,0.161584,0.064387
0.417038,0.582962,nan,0.000000,0.165924,0.161584,0.064387
0.458642,0.541358,nan,0.000000,0.082716,0.161584,0.064387
0.389051,0.610949,nan,0.000000,0.221897,0.161584,0.064387
0.413422,0.586578,nan,0.000000,0.173157,0.161584,0.064387
0.460442,0.539558,nan,0.000000,0.079115,0.161584,0.064387
0.387696,0.612304,nan,0.000000,0.224608,0.161584,0.064387
0.425693,0.574307,nan,0.000000,0.148613,0.161584,0.064387
0.366032,0.633968,nan,0.000000,0.267937,0.161584,0.064387
0.407043,0.592957,nan,0.000000,0.185915,0.161584,0.064387
0.449766,0.550234,nan,0.000000,0.100468,0.161584,0.064387
0.369262,0.630738,nan,0.000000,0.261476,0.161584,0.064387
0.455638,0.544362,nan,0.000000,0.088724,0.161584,0.064387
0.428615,0.571385,nan,0.000000,0.142770,0.161584,0.064387
0.425351,0.574649,nan,0.000000,0.149299,0.161584,0.064387
0.470448,0.529552,nan,0.000000,0.059105,0.161584,0.064387
0.454242,0.545758,nan,0.000000,0.091516,0.161584,0.064387
0.476508,0.523492,nan,0.000000,0.046983,0.161584,0.064387
0.417945,0.582055,nan,0.000000,0.164110,0.161584,0.064387
0.427120,0.572880,nan,0.000000,0.145760,0.161584,0.064387
0.358253,0.641747,nan,0.000000,0.283493,0.161584,0.064387
0.395843,0.604157,nan,0.000000,0.208313,0.161584,0.064387
0.402839,0.597161,nan,0.000000,0.194322,0.161584,0.064387
0.431888,0.568112,nan,0.000000,0.136225,0.161584,0.064387
0.541336,0.458664,nan,1.000000,-0.082672,0.134507,0.064387
0.461083,0.538917,nan,0.000000,0.077835,0.134507,0.064387
0.410233,0.589767,nan,0.000000,0.179533,0.134507,0.064387
0.466567,0.533433,nan,0.000000,0.066867,0.134507,0.064387
0.399847,0.600153,nan,0.000000,0.200306,0.134507,0.064387
0.451525,0.548475,nan,0.000000,0.096951,0.134507,0.064387
0.399047,0.600953,nan,0.000000,0.201906,0.134507,0.064387
0.393058,0.606942,nan,0.000000,0.213883,0.134507,0.064387
0.423110,0.576890,nan,0.000000,0.153779,0.134507,0.064387
0.382784,0.617216,nan,0.000000,0.234433,0.134507,0.064387
0.438680,0.561320,nan,0.000000,0.122640,0.134507,0.064387
0.437389,0.562611,nan,0.000000,0.125222,0.134507,0.064387
0.417265,0.582735,nan,0.000000,0.165469,0.134507,0.064387
0.399563,0.600437,nan,0.000000,0.200874,0.134507,0.064387
0.439205,0.560795,nan,0.000000,0.121591,0.134507,0.064387
0.454666,0.545334,nan,0.000000,0.090667,0.134507,0.064387
0.421602,0.578398,nan,0.000000,0.156796,0.134507,0.064387
0.403008,0.596992,nan,0.000000,0.193983,0.134507,0.064387
0.478856,0.521144,nan,0.000000,0.042288,0.134507,0.064387
0.432394,0.567606,nan,0.000000,0.135212,0.134507,0.064387
0.422848,0.577152,nan,0.000000,0.154303,0.134507,0.064387
0.333359,0.666641,nan,0.000000,0.333282,0.134507,0.064387
0.433953,0.566047,nan,0.000000,0.132093,0.134507,0.064387
0.405052,0.594948,nan,0.000000,0.189897,0.134507,0.064387
0.386875,0.613125,nan,0.000000,0.226251,0.134507,0.064387
0.437859,0.562141,nan,0.000000,0.124282,0.134507,0.064387
0.423322,0.576678,nan,0.000000,0.153356,0.134507,0.064387
0.428266,0.571734,nan,0.000000,0.143467,0.134507,0.064387
0.446788,0.553212,nan,0.000000,0.106425,0.134507,0.064387
0.470197,0.529803,nan,0.000000,0.059606,0.134507,0.064387
0.429618,0.570382,nan,0.000000,0.140764,0.134507,0.064387
0.370157,0.629843,nan,0.000000,0.259685,0.134507,0.064387
0.493583,0.506417,nan,0.000000,0.012833,0.134507,0.064387
0.515883,0.484117,nan,1.000000,-0.031767,-0.110570,0.064387
0.564116,0.435884,nan,0.000000,-0.128231,-0.110570,0.064387
0.587044,0.412956,nan,0.000000,-0.174087,-0.110570,0.064387
0.566277,0.433723,nan,0.000000,-0.132554,-0.110570,0.064387
0.587109,0.412891,nan,0.000000,-0.174218,-0.110570,0.064387
0.581362,0.418638,nan,0.000000,-0.162723,-0.110570,0.064387
0.500150,0.499850,nan,0.000000,-0.000301,-0.110570,0.064387
0.604203,0.395797,nan,0.000000,-0.208405,-0.110570,0.064387
0.563230,0.436770,nan,0.000000,-0.126459,-0.110570,0.064387
0.528571,0.471429,nan,0.000000,-0.057141,-0.110570,0.064387
0.605575,0.394425,nan,0.000000,-0.211150,-0.110570,0.064387
0.569576,0.430424,nan,0.000000,-0.139152,-0.110570,0.064387
0.518644,0.481356,nan,0.000000,-0.037289,-0.110570,0.064387
0.563959,0.436041,nan,0.000000,-0.127918,-0.110570,0.064387
0.590295,0.409705,nan,0.000000,-0.180591,-0.110570,0.064387
0.577903,0.422097,nan,0.000000,-0.155807,-0.110570,0.064387
0.615433,0.384567,nan,0.000000,-0.230866,-0.110570,0.064387
0.566739,0.433261,nan,0.000000,-0.133477,-0.110570,0.064387
0.562273,0.437727,nan,0.000000,-0.124547,-0.110570,0.064387
0.571337,0.428663,nan,0.000000,-0.142674,-0.110570,0.064387
0.515996,0.484004,nan,0.000000,-0.031992,-0.110570,0.064387
0.563685,0.436315,nan,0.000000,-0.127370,-0.110570,0.064387
0.538362,0.461638,nan,0.000000,-0.076723,-0.110570,0.064387
0.565981,0.434019,nan,0.000000,-0.131962,-0.110570,0.064387
0.584768,0.415232,nan,0.000000,-0.169535,-0.110570,0.064387
0.597367,0.402633,nan,0.000000,-0.194734,-0.110570,0.064387
0.567600,0.432400,nan,0.000000,-0.135200,-0.110570,0.064387
0.613794,0.386206,nan,0.000000,-0.227587,-0.110570,0.064387
0.539760,0.460240,nan,0.000000,-0.079520,-0.110570,0.064387
0.516945,0.483055,nan,0.000000,-0.033889,-0.110570,0.064387
0.495827,0.504173,nan,0.000000,0.008345,-0.110570,0.064387
0.570033,0.429967,nan,0.000000,-0.140067,-0.110570,0.064387
0.515976,0.484024,nan,0.000000,-0.031952,-0.110570,0.064387
0.576497,0.423503,nan,0.000000,-0.152994,-0.110570,0.064387
0.437878,0.562122,nan,1.000000,0.124244,0.190771,0.064387
0.433911,0.566089,nan,0.000000,0.132178,0.190771,0.064387
0.346233,0.653767,nan,0.000000,0.307533,0.190771,0.064387
0.394616,0.605384,nan,0.000000,0.210769,0.190771,0.064387
0.428011,0.571989,nan,0.000000,0.143978,0.190771,0.064387
0.434528,0.565472,nan,0.000000,0.130945,0.190771,0.064387
0.399270,0.600730,nan,0.000000,0.201460,0.190771,0.064387
0.443793,0.556207,nan,0.000000,0.112413,0.190771,0.064387
0.412538,0.587462,nan,0.000000,0.174924,0.190771,0.064387
0.364387,0.635613,nan,0.000000,0.271226,0.190771,0.064387
0.447334,0.552666,nan,0.000000,0.105331,0.190771,0.064387
0.401859,0.598141,nan,0.000000,0.196283,0.190771,0.064387
0.391172,0.608828,nan,0.000000,0.217657,0.190771,0.064387
0.372170,0.627830,nan,0.000000,0.255661,0.190771,0.064387
0.374127,0.625873,nan,0.000000,0.251746,0.190771,0.064387
0.443427,0.556573,nan,0.000000,0.113146,0.190771,0.064387
0.415094,0.584906,nan,0.000000,0.169812,0.190771,0.064387
0.393612,0.606388,nan,0.000000,0.212776,0.190771,0.064387
0.436834,0.563166,nan,0.000000,0.126332,0.190771,0.064387
0.392098,0.607902,nan,0.000000,0.215804,0.190771,0.064387
0.415291,0.584709,nan,0.000000,0.169419,0.190771,0.064387
0.434505,0.565495,nan,0.000000,0.130990,0.190771,0.064387
0.403693,0.596307,nan,0.000000,0.192613,0.190771,0.064387
0.369944,0.630056,nan,0.000000,0.260113,0.190771,0.064387
0.420225,0.579775,nan,0.000000,0.159550,0.190771,0.064387
0.417867,0.582133,nan,0.000000,0.164265,0.190771,0.064387
0.395343,0.604657,nan,0.000000,0.209313,0.190771,0.064387
0.451227,0.548773,nan,0.000000,0.097546,0.190771,0.064387
0.393626,0.606374,nan,0.000000,0.212747,0.190771,0.064387
0.450734,0.549266,nan,0.000000,0.098533,0.190771,0.064387
0.388704,0.611296,nan,0.000000,0.222593,0.190771,0.064387
0.369909,0.630091,nan,0.000000,0.260182,0.190771,0.064387
0.418616,0.581384,nan,0.000000,0.162767,0.190771,0.064387
0.442910,0.557090,nan,1.000000,0.114181,0.181110,0.064387
0.413611,0.586389,nan,0.000000,0.172779,0.181110,0.064387
0.463214,0.536786,nan,0.000000,0.073572,0.181110,0.064387
0.376213,0.623787,nan,0.000000,0.247574,0.181110,0.064387
0.430414,0.569586,nan,0.000000,0.139173,0.181110,0.064387
0.390641,0.609359,nan,0.000000,0.218717,0.181110,0.064387
0.373022,0.626978,nan,0.000000,0.253957,0.181110,0.064387
0.409931,0.590069,nan,0.000000,0.180137,0.181110,0.064387
0.437442,0.562558,nan,0.000000,0.125115,0.181110,0.064387
0.361696,0.638304,nan,0.000000,0.276608,0.181110,0.064387
0.423876,0.576124,nan,0.000000,0.152248,0.181110,0.064387
0.396598,0.603402,nan,0.000000,0.206805,0.181110,0.064387
0.391088,0.608912,nan,0.000000,0.217823,0.181110,0.064387
0.416307,0.583693,nan,0.000000,0.167387,0.181110,0.064387
0.385031,0.614969,nan,0.000000,0.229938,0.181110,0.064387
0.438478,0.561522,nan,0.000000,0.123044,0.181110,0.064387
0.396515,0.603485,nan,0.000000,0.206971,0.181110,0.064387
0.424147,0.575853,nan,0.000000,0.151707,0.181110,0.064387
0.430984,0.569016,nan,0.000000,0.138031,0.181110,0.064387
0.428353,0.571647,nan,0.000000,0.143294,0.181110,0.064387
0.422116,0.577884,nan,0.000000,0.155769,0.181110,0.064387
0.426062,0.573938,nan,0.000000,0.147876,0.181110,0.064387
0.371257,0.628743,nan,0.000000,0.257487,0.181110,0.064387
0.376864,0.623136,nan,0.000000,0.246272,0.181110,0.064387
0.382614,0.617386,nan,0.000000,0.234772,0.181110,0.064387
0.380853,0.619147,nan,0.000000,0.238294,0.181110,0.064387
0.511727,0.488273,nan,1.000000,-0.023454,-0.046443,0.064387
0.552161,0.447839,nan,0.000000,-0.104323,-0.046443,0.064387
0.539368,0.460632,nan,0.000000,-0.078735,-0.046443,0.064387
0.497568,0.502432,nan,0.000000,0.004864,-0.046443,0.064387
0.532475,0.467525,nan,0.000000,-0.064950,-0.046443,0.064387
0.465755,0.534245,nan,0.000000,0.068490,-0.046443,0.064387
0.496018,0.503982,nan,0.000000,0.007964,-0.046443,0.064387
0.507953,0.492047,nan,0.000000,-0.015906,-0.046443,0.064387
0.493651,0.506349,nan,0.000000,0.012699,-0.046443,0.064387
0.480139,0.519861,nan,0.000000,0.039722,-0.046443,0.064387
0.497888,0.502112,nan,0.000000,0.004225,-0.046443,0.064387
0.479240,0.520760,nan,0.000000,0.041519,-0.046443,0.064387
0.556787,0.443213,nan,0.000000,-0.113575,-0.046443,0.064387
0.577740,0.422260,nan,0.000000,-0.155480,-0.046443,0.064387
0.506415,0.493585,nan,0.000000,-0.012829,-0.046443,0.064387
0.528951,0.471049,nan,0.000000,-0.057902,-0.046443,0.064387
0.550417,0.449583,nan,0.000000,-0.100834,-0.046443,0.064387
0.504920,0.495080,nan,0.000000,-0.009840,-0.046443,0.064387
0.548699,0.451301,nan,0.000000,-0.097399,-0.046443,0.064387
0.516153,0.483847,nan,0.000000,-0.032306,-0.046443,0.064387
0.531319,0.468681,nan,0.000000,-0.062637,-0.046443,0.064387
0.488483,0.511517,nan,0.000000,0.023034,-0.046443,0.064387
0.525079,0.474921,nan,0.000000,-0.050157,-0.046443,0.064387
0.476209,0.523791,nan,0.000000,0.047583,-0.046443,0.064387
0.546268,0.453732,nan,0.000000,-0.092536,-0.046443,0.064387
0.551027,0.448973,nan,0.000000,-0.102055,-0.046443,0.064387
0.495619,0.504381,nan,0.000000,0.008762,-0.046443,0.064387
0.495288,0.504712,nan,0.000000,0.009425,-0.046443,0.064387
0.493836,0.506164,nan,0.000000,0.012329,-0.046443,0.064387
0.514402,0.485598,nan,0.000000,-0.028803,-0.046443,0.064387
0.537877,0.462123,nan,0.000000,-0.075754,-0.046443,0.064387
0.535388,0.464612,nan,0.000000,-0.070776,-0.046443,0.064387
0.499304,0.500696,nan,0.000000,0.001391,-0.046443,0.064387
0.527446,0.472554,nan,0.000000,-0.054892,-0.046443,0.064387
0.464434,0.535566,nan,1.000000,0.071131,0.144430,0.064387
0.405283,0.594717,nan,0.000000,0.189434,0.144430,0.064387
0.423429,0.576571,nan,0.000000,0.153142,0.144430,0.064387
0.443746,0.556254,nan,0.000000,0.112507,0.144430,0.064387
0.477780,0.522220,nan,0.000000,0.044441,0.144430,0.064387
0.465001,0.534999,nan,0.000000,0.069997,0.144430,0.064387
0.416593,0.583407,nan,0.000000,0.166814,0.144430,0.064387
0.382184,0.617816,nan,0.000000,0.235632,0.144430,0.064387
0.416982,0.583018,nan,0.000000,0.166035,0.144430,0.064387
0.495966,0.504034,nan,0.000000,0.008067,0.144430,0.064387
0.459990,0.540010,nan,0.000000,0.080020,0.144430,0.064387
0.448508,0.551492,nan,0.000000,0.102984,0.144430,0.064387
0.389375,0.610625,nan,0.000000,0.221251,0.144430,0.064387
0.439308,0.560692,nan,0.000000,0.121385,0.144430,0.064387
0.422238,0.577762,nan,0.000000,0.155524,0.144430,0.064387
0.413940,0.586060,nan,0.000000,0.172120,0.144430,0.064387
0.408205,0.591795,nan,0.000000,0.183591,0.144430,0.064387
0.401459,0.598541,nan,0.000000,0.197081,0.144430,0.064387
0.408508,0.591492,nan,0.000000,0.182984,0.144430,0.064387
0.429751,0.570249,nan,0.000000,0.140498,0.144430,0.064387
0.435079,0.564921,nan,0.000000,0.129842,0.144430,0.064387
0.448734,0.551266,nan,0.000000,0.102532,0.144430,0.064387
0.419342,0.580658,nan,0.000000,0.161316,0.144430,0.064387
0.397934,0.602066,nan,0.000000,0.204131,0.144430,0.064387
0.414176,0.585824,nan,0.000000,0.171648,0.144430,0.064387
0.448469,0.551531,nan,0.000000,0.103062,0.144430,0.064387
0.423541,0.576459,nan,0.000000,0.152919,0.144430,0.064387
0.462413,0.537587,nan,0.000000,0.075174,0.144430,0.064387
0.474750,0.525250,nan,0.000000,0.050501,0.144430,0.064387
0.409631,0.590369,nan,0.000000,0.180737,0.144430,0.064387
0.423537,0.576463,nan,0.000000,0.152926,0.144430,0.064387
0.484799,0.515201,nan,0.000000,0.030402,0.144430,0.064387
0.354444,0.645556,nan,0.000000,0.291112,0.144430,0.064387
0.395027,0.604973,nan,0.000000,0.209945,0.144430,0.064387
0.439295,0.560705,nan,0.000000,0.121410,0.144430,0.064387
0.395916,0.604084,nan,1.000000,0.208168,0.024993,0.064387
0.530335,0.469665,nan,0.000000,-0.060669,0.024993,0.064387
0.463125,0.536875,nan,0.000000,0.073750,0.024993,0.064387
0.443624,0.556376,nan,0.000000,0.112751,0.024993,0.064387
0.439382,0.560618,nan,0.000000,0.121236,0.024993,0.064387
0.474093,0.525907,nan,0.000000,0.051814,0.024993,0.064387
0.467278,0.532722,nan,0.000000,0.065445,0.024993,0.064387
0.469922,0.530078,nan,0.000000,0.060156,0.024993,0.064387
0.460043,0.539957,nan,0.000000,0.079914,0.024993,0.064387
0.483925,0.516075,nan,0.000000,0.032151,0.024993,0.064387
0.524032,0.475968,nan,0.000000,-0.048063,0.024993,0.064387
0.437773,0.562227,nan,0.000000,0.124454,0.024993,0.064387
0.499538,0.500462,nan,0.000000,0.000925,0.024993,0.064387
0.464186,0.535814,nan,0.000000,0.071628,0.024993,0.064387
0.473127,0.526873,nan,0.000000,0.053745,0.024993,0.064387
0.468050,0.531950,nan,0.000000,0.063900,0.024993,0.064387
0.435354,0.564646,nan,0.000000,0.129291,0.024993,0.064387
0.495276,0.504724,nan,0.000000,0.009447,0.024993,0.064387
0.421757,0.578243,nan,0.000000,0.156485,0.024993,0.064387
0.528979,0.471021,nan,0.000000,-0.057958,0.024993,0.064387
0.523032,0.476968,nan,0.000000,-0.046065,0.024993,0.064387
0.525552,0.474448,nan,0.000000,-0.051104,0.024993,0.064387
0.486643,0.513357,nan,0.000000,0.026714,0.024993,0.064387
0.478542,0.521458,nan,0.000000,0.042917,0.024993,0.064387
0.495146,0.504854,nan,0.000000,0.009708,0.024993,0.064387
0.426776,0.573224,nan,0.000000,0.146449,0.024993,0.064387
0.495706,0.504294,nan,0.000000,0.008589,0.024993,0.064387
0.458287,0.541713,nan,0.000000,0.083426,0.024993,0.064387
0.510263,0.489737,nan,0.000000,-0.020527,0.024993,0.064387
0.456371,0.543629,nan,0.000000,0.087258,0.024993,0.064387
0.443158,0.556842,nan,0.000000,0.113684,0.024993,0.064387
0.551543,0.448457,nan,1.000000,-0.103086,-0.120724,0.064387
0.577567,0.422433,nan,0.000000,-0.155135,-0.120724,0.064387
0.537169,0.462831,nan,0.000000,-0.074338,-0.120724,0.064387
0.557906,0.442094,nan,0.000000,-0.115813,-0.120724,0.064387
0.539367,0.460633,nan,0.000000,-0.078733,-0.120724,0.064387
0.570103,0.429897,nan,0.000000,-0.140206,-0.120724,0.064387
0.510744,0.489256,nan,0.000000,-0.021488,-0.120724,0.064387
0.600165,0.399835,nan,0.000000,-0.200329,-0.120724,0.064387
0.529813,0.470187,nan,0.000000,-0.059625,-0.120724,0.064387
0.550967,0.449033,nan,0.000000,-0.101934,-0.120724,0.064387
0.539980,0.460020,nan,0.000000,-0.079960,-0.120724,0.064387
0.567848,0.432152,nan,0.000000,-0.135696,-0.120724,0.064387
0.537047,0.462953,nan,0.000000,-0.074095,-0.120724,0.064387
0.568416,0.431584,nan,0.000000,-0.136833,-0.120724,0.064387
0.569466,0.430534,nan,0.000000,-0.138932,-0.120724,0.064387
0.530557,0.469443,nan,0.000000,-0.061115,-0.120724,0.064387
0.603192,0.396808,nan,0.000000,-0.206385,-0.120724,0.064387
0.574635,0.425365,nan,0.000000,-0.149270,-0.120724,0.064387
0.577464,0.422536,nan,0.000000,-0.154928,-0.120724,0.064387
0.521301,0.478699,nan,0.000000,-0.042603,-0.120724,0.064387
0.557228,0.442772,nan,0.000000,-0.114455,-0.120724,0.064387
0.552843,0.447157,nan,0.000000,-0.105687,-0.120724,0.064387
0.593520,0.406480,nan,0.000000,-0.187041,-0.120724,0.064387
0.597953,0.402047,nan,0.000000,-0.195905,-0.120724,0.064387
0.545989,0.454011,nan,0.000000,-0.091978,-0.120724,0.064387
0.548291,0.451709,nan,0.000000,-0.096582,-0.120724,0.064387
0.558008,0.441992,nan,0.000000,-0.116017,-0.120724,0.064387
0.583768,0.416232,nan,1.000000,-0.167536,-0.184058,0.064387
0.575317,0.424683,nan,0.000000,-0.150634,-0.184058,0.064387
0.640588,0.359412,nan,0.000000,-0.281176,-0.184058,0.064387
0.629545,0.370455,nan,0.000000,-0.259090,-0.184058,0.064387
0.581694,0.418306,nan,0.000000,-0.163389,-0.184058,0.064387
0.621941,0.378059,nan,0.000000,-0.243881,-0.184058,0.064387
0.605786,0.394214,nan,0.000000,-0.211572,-0.184058,0.064387
0.530399,0.469601,nan,0.000000,-0.060797,-0.184058,0.064387
0.576137,0.423863,nan,0.000000,-0.152275,-0.184058,0.064387
0.576358,0.423642,nan,0.000000,-0.152716,-0.184058,0.064387
0.623365,0.376635,nan,0.000000,-0.246731,-0.184058,0.064387
0.584517,0.415483,nan,0.000000,-0.169035,-0.184058,0.064387
0.628042,0.371958,nan,0.000000,-0.256084,-0.184058,0.064387
0.661976,0.338024,nan,0.000000,-0.323951,-0.184058,0.064387
0.557717,0.442283,nan,0.000000,-0.115433,-0.184058,0.064387
0.587733,0.412267,nan,0.000000,-0.175465,-0.184058,0.064387
0.596343,0.403657,nan,0.000000,-0.192687,-0.184058,0.064387
0.632176,0.367824,nan,0.000000,-0.264351,-0.184058,0.064387
0.625193,0.374807,nan,0.000000,-0.250385,-0.184058,0.064387
0.561739,0.438261,nan,0.000000,-0.123478,-0.184058,0.064387
0.608132,0.391868,nan,0.000000,-0.216265,-0.184058,0.064387
0.567893,0.432107,nan,0.000000,-0.135786,-0.184058,0.064387
0.647115,0.352885,nan,0.000000,-0.294231,-0.184058,0.064387
0.649057,0.350943,nan,0.000000,-0.298115,-0.184058,0.064387
0.563543,0.436457,nan,0.000000,-0.127085,-0.184058,0.064387
0.600276,0.399724,nan,0.000000,-0.200552,-0.184058,0.064387
0.545017,0.454983,nan,0.000000,-0.090034,-0.184058,0.064387
0.577637,0.422363,nan,0.000000,-0.155275,-0.184058,0.064387
0.634539,0.365461,nan,0.000000,-0.269077,-0.184058,0.064387
0.536973,0.463027,nan,0.000000,-0.073946,-0.184058,0.064387
0.613524,0.386476,nan,0.000000,-0.227047,-0.184058,0.064387
0.580667,0.419333,nan,0.000000,-0.161334,-0.184058,0.064387
0.466050,0.533950,nan,1.000000,0.067900,0.050448,0.064387
0.393794,0.606206,nan,0.000000,0.212411,0.050448,0.064387
0.421095,0.578905,nan,0.000000,0.157811,0.050448,0.064387
0.445838,0.554162,nan,0.000000,0.108325,0.050448,0.064387
0.477797,0.522203,nan,0.000000,0.044405,0.050448,0.064387
0.533523,0.466477,nan,0.000000,-0.067047,0.050448,0.064387
0.445352,0.554648,nan,0.000000,0.109296,0.050448,0.064387
0.514942,0.485058,nan,0.000000,-0.029884,0.050448,0.064387
0.496506,0.503494,nan,0.000000,0.006987,0.050448,0.064387
0.480410,0.519590,nan,0.000000,0.039180,0.050448,0.064387
0.493130,0.506870,nan,0.000000,0.013740,0.050448,0.064387
0.459602,0.540398,nan,0.000000,0.080795,0.050448,0.064387
0.493159,0.506841,nan,0.000000,0.013682,0.050448,0.064387
0.498018,0.501982,nan,0.000000,0.003964,0.050448,0.064387
0.481017,0.518983,nan,0.000000,0.037967,0.050448,0.064387
0.451657,0.548343,nan,0.000000,0.096685,0.050448,0.064387
0.460441,0.539559,nan,0.000000,0.079119,0.050448,0.064387
0.535389,0.464611,nan,0.000000,-0.070777,0.050448,0.064387
0.486506,0.513494,nan,0.000000,0.026989,0.050448,0.064387
0.471640,0.528360,nan,0.000000,0.056720,0.050448,0.064387
0.526979,0.473021,nan,0.000000,-0.053957,0.050448,0.064387
0.456135,0.543865,nan,0.000000,0.087729,0.050448,0.064387
0.388270,0.611730,nan,0.000000,0.223460,0.050448,0.064387
0.499507,0.500493,nan,0.000000,0.000987,0.050448,0.064387
0.425939,0.574061,nan,0.000000,0.148121,0.050448,0.064387
0.479852,0.520148,nan,0.000000,0.040296,0.050448,0.064387
0.504100,0.495900,nan,0.000000,-0.008200,0.050448,0.064387
0.516648,0.483352,nan,0.000000,-0.033296,0.050448,0.064387
0.509499,0.490501,nan,0.000000,-0.018999,0.050448,0.064387
0.598483,0.401517,nan,1.000000,-0.196967,-0.196183,0.064387
0.639288,0.360712,nan,0.000000,-0.278576,-0.196183,0.064387
0.643101,0.356899,nan,0.000000,-0.286202,-0.196183,0.064387
0.585845,0.414155,nan,0.000000,-0.171690,-0.196183,0.064387
0.587179,0.412821,nan,0.000000,-0.174357,-0.196183,0.064387
0.590526,0.409474,nan,0.000000,-0.181051,-0.196183,0.064387
0.574997,0.425003,nan,0.000000,-0.149993,-0.196183,0.064387
0.610015,0.389985,nan,0.000000,-0.220030,-0.196183,0.064387
0.587662,0.412338,nan,0.000000,-0.175325,-0.196183,0.064387
0.514098,0.485902,nan,1.000000,-0.028196,-0.142618,0.064387
0.584909,0.415091,nan,0.000000,-0.169818,-0.142618,0.064387
0.613439,0.386561,nan,0.000000,-0.226877,-0.142618,0.064387
0.578398,0.421602,nan,0.000000,-0.156795,-0.142618,0.064387
0.617390,0.382610,nan,0.000000,-0.234780,-0.142618,0.064387
0.603831,0.396169,nan,0.000000,-0.207663,-0.142618,0.064387
0.585371,0.414629,nan,0.000000,-0.170741,-0.142618,0.064387
0.494500,0.505500,nan,0.000000,0.011001,-0.142618,0.064387
0.507838,0.492162,nan,0.000000,-0.015677,-0.142618,0.064387
0.551054,0.448946,nan,0.000000,-0.102107,-0.142618,0.064387
0.526217,0.473783,nan,0.000000,-0.052435,-0.142618,0.064387
0.573918,0.426082,nan,0.000000,-0.147835,-0.142618,0.064387
0.637822,0.362178,nan,0.000000,-0.275644,-0.142618,0.064387
0.528253,0.471747,nan,0.000000,-0.056505,-0.142618,0.064387
0.543027,0.456973,nan,0.000000,-0.086054,-0.142618,0.064387
0.519247,0.480753,nan,0.000000,-0.038494,-0.142618,0.064387
0.606980,0.393020,nan,0.000000,-0.213959,-0.142618,0.064387
0.521673,0.478327,nan,0.000000,-0.043346,-0.142618,0.064387
0.584635,0.415365,nan,0.000000,-0.169271,-0.142618,0.064387
0.603673,0.396327,nan,0.000000,-0.207346,-0.142618,0.064387
0.557213,0.442787,nan,0.000000,-0.114426,-0.142618,0.064387
0.570469,0.429531,nan,0.000000,-0.140939,-0.142618,0.064387
0.575026,0.424974,nan,0.000000,-0.150051,-0.142618,0.064387
0.575431,0.424569,nan,0.000000,-0.150863,-0.142618,0.064387
0.592034,0.407966,nan,0.000000,-0.184069,-0.142618,0.064387
0.581505,0.418495,nan,0.000000,-0.163010,-0.142618,0.064387
0.583280,0.416720,nan,0.000000,-0.166559,-0.142618,0.064387
0.598413,0.401587,nan,0.000000,-0.196826,-0.142618,0.064387
0.536195,0.463805,nan,0.000000,-0.072390,-0.142618,0.064387
0.614595,0.385405,nan,0.000000,-0.229189,-0.142618,0.064387
0.601329,0.398671,nan,0.000000,-0.202658,-0.142618,0.064387
0.446382,0.553618,nan,1.000000,0.107236,-0.058848,0.064387
0.511467,0.488533,nan,0.000000,-0.022934,-0.058848,0.064387
0.528422,0.471578,nan,0.000000,-0.056844,-0.058848,0.064387
0.493042,0.506958,nan,0.000000,0.013916,-0.058848,0.064387
0.544920,0.455080,nan,0.000000,-0.089841,-0.058848,0.064387
0.546060,0.453940,nan,0.000000,-0.092120,-0.058848,0.064387
0.536757,0.463243,nan,0.000000,-0.073514,-0.058848,0.064387
0.548076,0.451924,nan,0.000000,-0.096153,-0.058848,0.064387
0.527662,0.472338,nan,0.000000,-0.055324,-0.058848,0.064387
0.544097,0.455903,nan,0.000000,-0.088195,-0.058848,0.064387
0.514631,0.485369,nan,0.000000,-0.029263,-0.058848,0.064387
0.546707,0.453293,nan,0.000000,-0.093415,-0.058848,0.064387
0.523845,0.476155,nan,0.000000,-0.047689,-0.058848,0.064387
0.532222,0.467778,nan,0.000000,-0.064445,-0.058848,0.064387
0.515010,0.484990,nan,0.000000,-0.030019,-0.058848,0.064387
0.585708,0.414292,nan,0.000000,-0.171415,-0.058848,0.064387
0.534912,0.465088,nan,0.000000,-0.069824,-0.058848,0.064387
0.522412,0.477588,nan,0.000000,-0.044824,-0.058848,0.064387
0.512535,0.487465,nan,0.000000,-0.025070,-0.058848,0.064387
0.529447,0.470553,nan,0.000000,-0.058895,-0.058848,0.064387
0.545019,0.454981,nan,0.000000,-0.090038,-0.058848,0.064387
0.503348,0.496652,nan,0.000000,-0.006695,-0.058848,0.064387
0.544962,0.455038,nan,0.000000,-0.089923,-0.058848,0.064387
0.496673,0.503327,nan,0.000000,0.006654,-0.058848,0.064387
0.515736,0.484264,nan,0.000000,-0.031472,-0.058848,0.064387
0.512838,0.487162,nan,0.000000,-0.025676,-0.058848,0.064387
0.483779,0.516221,nan,0.000000,0.032443,-0.058848,0.064387
0.467488,0.532512,nan,0.000000,0.065023,-0.058848,0.064387
0.524090,0.475910,nan,0.000000,-0.048179,-0.058848,0.064387
0.518520,0.481480,nan,0.000000,-0.037040,-0.058848,0.064387
0.539253,0.460747,nan,0.000000,-0.078507,-0.058848,0.064387
0.470988,0.529012,nan,0.000000,0.058024,-0.058848,0.064387
0.523137,0.476863,nan,0.000000,-0.046274,-0.058848,0.064387
0.524667,0.475333,nan,0.000000,-0.049334,-0.058848,0.064387
0.550612,0.449388,nan,0.000000,-0.101225,-0.058848,0.064387
0.485185,0.514815,nan,0.000000,0.029630,-0.058848,0.064387
0.521297,0.478703,nan,0.000000,-0.042594,-0.058848,0.064387
0.508684,0.491316,nan,0.000000,-0.017369,-0.058848,0.064387
0.521229,0.478771,nan,0.000000,-0.042458,-0.058848,0.064387
0.557988,0.442012,nan,0.000000,-0.115976,-0.058848,0.064387
0.535527,0.464473,nan,0.000000,-0.071053,-0.058848,0.064387
0.532887,0.467113,nan,0.000000,-0.065775,-0.058848,0.064387
0.480405,0.519595,nan,1.000000,0.039191,0.028436,0.064387
0.479963,0.520037,nan,0.000000,0.040073,0.028436,0.064387
0.433649,0.566351,nan,0.000000,0.132702,0.028436,0.064387
0.492364,0.507636,nan,0.000000,0.015272,0.028436,0.064387
0.495813,0.504187,nan,0.000000,0.008374,0.028436,0.064387
0.510774,0.489226,nan,0.000000,-0.021548,0.028436,0.064387
0.459510,0.540490,nan,0.000000,0.080980,0.028436,0.064387
0.512112,0.487888,nan,0.000000,-0.024224,0.028436,0.064387
0.494761,0.505239,nan,0.000000,0.010479,0.028436,0.064387
0.525464,0.474536,nan,0.000000,-0.050929,0.028436,0.064387
0.513260,0.486740,nan,0.000000,-0.026519,0.028436,0.064387
0.442405,0.557595,nan,0.000000,0.115190,0.028436,0.064387
0.451913,0.548087,nan,0.000000,0.096175,0.028436,0.064387
0.459781,0.540219,nan,0.000000,0.080437,0.028436,0.064387
0.481329,0.518671,nan,0.000000,0.037342,0.028436,0.064387
0.407664,0.592336,nan,0.000000,0.184672,0.028436,0.064387
0.529819,0.470181,nan,0.000000,-0.059638,0.028436,0.064387
0.518486,0.481514,nan,0.000000,-0.036972,0.028436,0.064387
0.513255,0.486745,nan,0.000000,-0.026509,0.028436,0.064387
0.473780,0.526220,nan,0.000000,0.052440,0.028436,0.064387
0.528845,0.471155,nan,0.000000,-0.057690,0.028436,0.064387
0.501615,0.498385,nan,0.000000,-0.003231,0.028436,0.064387
0.483245,0.516755,nan,0.000000,0.033509,0.028436,0.064387
0.528778,0.471222,nan,0.000000,-0.057556,0.028436,0.064387
0.476637,0.523363,nan,1.000000,0.046726,0.058848,0.064387
0.458591,0.541409,nan,0.000000,0.082818,0.058848,0.064387
0.472453,0.527547,nan,0.000000,0.055094,0.058848,0.064387
0.461599,0.538401,nan,0.000000,0.076801,0.058848,0.064387
0.514146,0.485854,nan,0.000000,-0.028292,0.058848,0.064387
0.496748,0.503252,nan,0.000000,0.006505,0.058848,0.064387
0.475852,0.524148,nan,0.000000,0.048296,0.058848,0.064387
0.469893,0.530107,nan,0.000000,0.060214,0.058848,0.064387
0.432300,0.567700,nan,0.000000,0.135399,0.058848,0.064387
0.451534,0.548466,nan,0.000000,0.096931,0.058848,0.064387
0.432253,0.567747,nan,0.000000,0.135495,0.058848,0.064387
0.428264,0.571736,nan,0.000000,0.143473,0.058848,0.064387
0.442512,0.557488,nan,0.000000,0.114975,0.058848,0.064387
0.494661,0.505339,nan,0.000000,0.010678,0.058848,0.064387
0.510798,0.489202,nan,0.000000,-0.021595,0.058848,0.064387
0.452688,0.547312,nan,0.000000,0.094625,0.058848,0.064387
0.478551,0.521449,nan,0.000000,0.042898,0.058848,0.064387
0.448749,0.551251,nan,0.000000,0.102502,0.058848,0.064387
0.488516,0.511484,nan,0.000000,0.022968,0.058848,0.064387
0.433075,0.566925,nan,0.000000,0.133849,0.058848,0.064387
0.442840,0.557160,nan,0.000000,0.114320,0.058848,0.064387
0.437172,0.562828,nan,0.000000,0.125657,0.058848,0.064387
0.488136,0.511864,nan,0.000000,0.023728,0.058848,0.064387
0.455404,0.544596,nan,0.000000,0.089192,0.058848,0.064387
0.445269,0.554731,nan,0.000000,0.109463,0.058848,0.064387
0.429976,0.570024,nan,0.000000,0.140048,0.058848,0.064387
0.427231,0.572769,nan,0.000000,0.145538,0.058848,0.064387
0.612234,0.387766,nan,1.000000,-0.224468,-0.144382,0.064387
0.571651,0.428349,nan,0.000000,-0.143303,-0.144382,0.064387
0.585629,0.414371,nan,0.000000,-0.171257,-0.144382,0.064387
0.544223,0.455777,nan,0.000000,-0.088445,-0.144382,0.064387
0.578886,0.421114,nan,0.000000,-0.157773,-0.144382,0.064387
0.542191,0.457809,nan,0.000000,-0.084382,-0.144382,0.064387
0.601419,0.398581,nan,0.000000,-0.202838,-0.144382,0.064387
0.560865,0.439135,nan,0.000000,-0.121729,-0.144382,0.064387
0.606220,0.393780,nan,0.000000,-0.212441,-0.144382,0.064387
0.589375,0.410625,nan,0.000000,-0.178750,-0.144382,0.064387
0.564154,0.435846,nan,0.000000,-0.128307,-0.144382,0.064387
0.576419,0.423581,nan,0.000000,-0.152839,-0.144382,0.064387
0.546717,0.453283,nan,0.000000,-0.093433,-0.144382,0.064387
0.608375,0.391625,nan,0.000000,-0.216750,-0.144382,0.064387
0.635129,0.364871,nan,0.000000,-0.270259,-0.144382,0.064387
0.567960,0.432040,nan,0.000000,-0.135920,-0.144382,0.064387
0.587108,0.412892,nan,0.000000,-0.174217,-0.144382,0.064387
0.577464,0.422536,nan,0.000000,-0.154928,-0.144382,0.064387
0.490712,0.509288,nan,0.000000,0.018576,-0.144382,0.064387
0.612691,0.387309,nan,0.000000,-0.225382,-0.144382,0.064387
0.548977,0.451023,nan,0.000000,-0.097953,-0.144382,0.064387
0.568120,0.431880,nan,0.000000,-0.136239,-0.144382,0.064387
0.556144,0.443856,nan,0.000000,-0.112288,-0.144382,0.064387
0.442006,0.557994,nan,1.000000,0.115988,0.110570,0.064387
0.471262,0.528738,nan,0.000000,0.057476,0.110570,0.064387
0.456119,0.543881,nan,0.000000,0.087761,0.110570,0.064387
0.447795,0.552205,nan,0.000000,0.104411,0.110570,0.064387
0.465116,0.534884,nan,0.000000,0.069768,0.110570,0.064387
0.430244,0.569756,nan,0.000000,0.139513,0.110570,0.064387
0.445333,0.554667,nan,0.000000,0.109334,0.110570,0.064387
0.414077,0.585923,nan,0.000000,0.171847,0.110570,0.064387
0.405990,0.594010,nan,0.000000,0.188019,0.110570,0.064387
0.428261,0.571739,nan,0.000000,0.143478,0.110570,0.064387
0.392449,0.607551,nan,0.000000,0.215102,0.110570,0.064387
0.473316,0.526684,nan,0.000000,0.053368,0.110570,0.064387
0.424212,0.575788,nan,0.000000,0.151576,0.110570,0.064387
0.393609,0.606391,nan,0.000000,0.212782,0.110570,0.064387
0.429762,0.570238,nan,0.000000,0.140477,0.110570,0.064387
0.478316,0.521684,nan,0.000000,0.043368,0.110570,0.064387
0.527105,0.472895,nan,0.000000,-0.054211,0.110570,0.064387
0.495916,0.504084,nan,0.000000,0.008169,0.110570,0.064387
0.438460,0.561540,nan,0.000000,0.123080,0.110570,0.064387
0.439779,0.560221,nan,0.000000,0.120441,0.110570,0.064387
0.413902,0.586098,nan,0.000000,0.172196,0.110570,0.064387
0.419979,0.580021,nan,0.000000,0.160043,0.110570,0.064387
0.469621,0.530379,nan,0.000000,0.060758,0.110570,0.064387
0.417660,0.582340,nan,0.000000,0.164680,0.110570,0.064387
0.410491,0.589509,nan,0.000000,0.179018,0.110570,0.064387
0.438336,0.561664,nan,0.000000,0.123328,0.110570,0.064387
0.491660,0.508340,nan,0.000000,0.016679,0.110570,0.064387
0.458834,0.541166,nan,0.000000,0.082332,0.110570,0.064387
0.425127,0.574873,nan,0.000000,0.149747,0.110570,0.064387
0.440179,0.559821,nan,0.000000,0.119642,0.110570,0.064387
0.411013,0.588987,nan,0.000000,0.177974,0.110570,0.064387
0.380129,0.619871,nan,0.000000,0.239742,0.110570,0.064387
0.440907,0.559093,nan,0.000000,0.118186,0.110570,0.064387
0.424776,0.575224,nan,0.000000,0.150448,0.110570,0.064387
0.423747,0.576253,nan,0.000000,0.152507,0.110570,0.064387
0.417891,0.582109,nan,0.000000,0.164218,0.110570,0.064387
0.475965,0.524035,nan,0.000000,0.048070,0.110570,0.064387
0.421755,0.578245,nan,0.000000,0.156489,0.110570,0.064387
0.480102,0.519898,nan,0.000000,0.039797,0.110570,0.064387
0.502329,0.497671,nan,0.000000,-0.004658,0.110570,0.064387
0.607210,0.392790,nan,1.000000,-0.214420,-0.190771,0.064387
0.591298,0.408702,nan,0.000000,-0.182595,-0.190771,0.064387
0.566517,0.433483,nan,0.000000,-0.133034,-0.190771,0.064387
0.639490,0.360510,nan,0.000000,-0.278979,-0.190771,0.064387
0.606726,0.393274,nan,0.000000,-0.213452,-0.190771,0.064387
0.555084,0.444916,nan,0.000000,-0.110168,-0.190771,0.064387
0.658176,0.341824,nan,0.000000,-0.316353,-0.190771,0.064387
0.627765,0.372235,nan,0.000000,-0.255529,-0.190771,0.064387
0.643262,0.356738,nan,0.000000,-0.286524,-0.190771,0.064387
0.673380,0.326620,nan,0.000000,-0.346760,-0.190771,0.064387
0.498209,0.501791,nan,0.000000,0.003582,-0.190771,0.064387
0.633812,0.366188,nan,0.000000,-0.267624,-0.190771,0.064387
0.590073,0.409927,nan,0.000000,-0.180146,-0.190771,0.064387
0.603347,0.396653,nan,0.000000,-0.206693,-0.190771,0.064387
0.536197,0.463803,nan,0.000000,-0.072393,-0.190771,0.064387
0.585751,0.414249,nan,0.000000,-0.171502,-0.190771,0.064387
0.676947,0.323053,nan,0.000000,-0.353894,-0.190771,0.064387
0.558943,0.441057,nan,0.000000,-0.117886,-0.190771,0.064387
0.622988,0.377012,nan,0.000000,-0.245977,-0.190771,0.064387
0.596085,0.403915,nan,0.000000,-0.192170,-0.190771,0.064387
0.604061,0.395939,nan,0.000000,-0.208123,-0.190771,0.064387
0.633583,0.366417,nan,0.000000,-0.267167,-0.190771,0.064387
0.555465,0.444535,nan,0.000000,-0.110930,-0.190771,0.064387
0.620961,0.379039,nan,0.000000,-0.241921,-0.190771,0.064387
0.604948,0.395052,nan,0.000000,-0.209895,-0.190771,0.064387
0.606086,0.393914,nan,0.000000,-0.212173,-0.190771,0.064387
0.530549,0.469451,nan,0.000000,-0.061098,-0.190771,0.064387
0.621727,0.378273,nan,0.000000,-0.243454,-0.190771,0.064387
0.577674,0.422326,nan,0.000000,-0.155348,-0.190771,0.064387
0.554721,0.445279,nan,0.000000,-0.109441,-0.190771,0.064387
0.591264,0.408736,nan,0.000000,-0.182528,-0.190771,0.064387
0.634941,0.365059,nan,0.000000,-0.269882,-0.190771,0.064387
0.593684,0.406316,nan,0.000000,-0.187369,-0.190771,0.064387
0.591013,0.408987,nan,0.000000,-0.182027,-0.190771,0.064387
0.574132,0.425868,nan,0.000000,-0.148263,-0.190771,0.064387
0.598729,0.401271,nan,0.000000,-0.197458,-0.190771,0.064387
0.558101,0.441899,nan,0.000000,-0.116202,-0.190771,0.064387
0.661259,0.338741,nan,0.000000,-0.322517,-0.190771,0.064387
0.601185,0.398815,nan,0.000000,-0.202370,-0.190771,0.064387
0.617438,0.382562,nan,0.000000,-0.234875,-0.190771,0.064387
0.611859,0.388141,nan,0.000000,-0.223719,-0.190771,0.064387
0.631778,0.368222,nan,0.000000,-0.263556,-0.190771,0.064387
0.582100,0.417900,nan,1.000000,-0.164201,-0.128077,0.064387
0.599311,0.400689,nan,0.000000,-0.198621,-0.128077,0.064387
0.524629,0.475371,nan,0.000000,-0.049258,-0.128077,0.064387
0.626203,0.373797,nan,0.000000,-0.252406,-0.128077,0.064387
0.554947,0.445053,nan,0.000000,-0.109894,-0.128077,0.064387
0.560584,0.439416,nan,0.000000,-0.121169,-0.128077,0.064387
0.542051,0.457949,nan,0.000000,-0.084103,-0.128077,0.064387
0.583813,0.416187,nan,0.000000,-0.167625,-0.128077,0.064387
0.550249,0.449751,nan,0.000000,-0.100498,-0.128077,0.064387
0.615046,0.384954,nan,0.000000,-0.230092,-0.128077,0.064387
0.540370,0.459630,nan,0.000000,-0.080740,-0.128077,0.064387
0.558957,0.441043,nan,0.000000,-0.117914,-0.128077,0.064387
0.582763,0.417237,nan,0.000000,-0.165525,-0.128077,0.064387
0.557451,0.442549,nan,0.000000,-0.114902,-0.128077,0.064387
0.566786,0.433214,nan,0.000000,-0.133573,-0.128077,0.064387
0.581472,0.418528,nan,0.000000,-0.162944,-0.128077,0.064387
0.525185,0.474815,nan,0.000000,-0.050371,-0.128077,0.064387
0.560947,0.439053,nan,0.000000,-0.121893,-0.128077,0.064387
0.580585,0.419415,nan,0.000000,-0.161171,-0.128077,0.064387
0.567029,0.432971,nan,0.000000,-0.134057,-0.128077,0.064387
0.501667,0.498333,nan,1.000000,-0.003333,0.128077,0.064387
0.482399,0.517601,nan,0.000000,0.035202,0.128077,0.064387
0.378124,0.621876,nan,0.000000,0.243751,0.128077,0.064387
0.462959,0.537041,nan,0.000000,0.074082,0.128077,0.064387
0.468876,0.531124,nan,0.000000,0.062248,0.128077,0.064387
0.396505,0.603495,nan,0.000000,0.206991,0.128077,0.064387
0.459800,0.540200,nan,0.000000,0.080400,0.128077,0.064387
0.409631,0.590369,nan,0.000000,0.180738,0.128077,0.064387
0.423111,0.576889,nan,0.000000,0.153777,0.128077,0.064387
0.439598,0.560402,nan,0.000000,0.120804,0.128077,0.064387
0.427365,0.572635,nan,0.000000,0.145271,0.128077,0.064387
0.441983,0.558017,nan,0.000000,0.116034,0.128077,0.064387
0.447576,0.552424,nan,0.000000,0.104848,0.128077,0.064387
0.487502,0.512498,nan,0.000000,0.024997,0.128077,0.064387
0.454115,0.545885,nan,0.000000,0.091770,0.128077,0.064387
0.382444,0.617556,nan,0.000000,0.235112,0.128077,0.064387
0.473567,0.526433,nan,0.000000,0.052866,0.128077,0.064387
0.435414,0.564586,nan,0.000000,0.129173,0.128077,0.064387
0.416278,0.583722,nan,0.000000,0.167445,0.128077,0.064387
0.440148,0.559852,nan,0.000000,0.119705,0.128077,0.064387
0.417417,0.582583,nan,0.000000,0.165166,0.128077,0.064387
0.478568,0.521432,nan,0.000000,0.042863,0.128077,0.064387
0.441047,0.558953,nan,0.000000,0.117906,0.128077,0.064387
0.402655,0.597345,nan,0.000000,0.194689,0.128077,0.064387
0.443668,0.556332,nan,0.000000,0.112664,0.128077,0.064387
0.456933,0.543067,nan,0.000000,0.086134,0.128077,0.064387
0.379445,0.620555,nan,0.000000,0.241111,0.128077,0.064387
0.411190,0.588810,nan,0.000000,0.177621,0.128077,0.064387
0.409703,0.590297,nan,0.000000,0.180594,0.128077,0.064387
0.428994,0.571006,nan,0.000000,0.142011,0.128077,0.064387
0.421038,0.578962,nan,0.000000,0.157924,0.128077,0.064387
0.447162,0.552838,nan,0.000000,0.105675,0.128077,0.064387
0.476920,0.523080,nan,0.000000,0.046159,0.128077,0.064387
0.440554,0.559446,nan,0.000000,0.118892,0.128077,0.064387
0.447072,0.552928,nan,1.000000,0.105857,0.142618,0.064387
0.423616,0.576384,nan,0.000000,0.152768,0.142618,0.064387
0.442269,0.557731,nan,0.000000,0.115462,0.142618,0.064387
0.421846,0.578154,nan,0.000000,0.156309,0.142618,0.064387
0.438878,0.561122,nan,0.000000,0.122245,0.142618,0.064387
0.382853,0.617147,nan,0.000000,0.234293,0.142618,0.064387
0.419421,0.580579,nan,0.000000,0.161159,0.142618,0.064387
0.403999,0.596001,nan,0.000000,0.192001,0.142618,0.064387
0.467512,0.532488,nan,0.000000,0.064977,0.142618,0.064387
0.433822,0.566178,nan,0.000000,0.132357,0.142618,0.064387
0.433611,0.566389,nan,0.000000,0.132779,0.142618,0.064387
0.382200,0.617800,nan,0.000000,0.235601,0.142618,0.064387
0.414591,0.585409,nan,0.000000,0.170818,0.142618,0.064387
0.418912,0.581088,nan,0.000000,0.162176,0.142618,0.064387
0.433808,0.566192,nan,0.000000,0.132384,0.142618,0.064387
0.450450,0.549550,nan,0.000000,0.099100,0.142618,0.064387
0.389156,0.610844,nan,0.000000,0.221689,0.142618,0.064387
0.388168,0.611832,nan,0.000000,0.223663,0.142618,0.064387
0.510615,0.489385,nan,0.000000,-0.021231,0.142618,0.064387
0.433065,0.566935,nan,0.000000,0.133870,0.142618,0.064387
0.424650,0.575350,nan,0.000000,0.150701,0.142618,0.064387
0.603760,0.396240,nan,1.000000,-0.207519,-0.181110,0.064387
0.622090,0.377910,nan,0.000000,-0.244179,-0.181110,0.064387
0.626767,0.373233,nan,0.000000,-0.253533,-0.181110,0.064387
0.553862,0.446138,nan,0.000000,-0.107725,-0.181110,0.064387
0.579328,0.420672,nan,0.000000,-0.158655,-0.181110,0.064387
0.624055,0.375945,nan,0.000000,-0.248109,-0.181110,0.064387
0.565426,0.434574,nan,0.000000,-0.130852,-0.181110,0.064387
0.576703,0.423297,nan,0.000000,-0.153407,-0.181110,0.064387
0.596000,0.404000,nan,0.000000,-0.192000,-0.181110,0.064387
0.536755,0.463245,nan,0.000000,-0.073509,-0.181110,0.064387
0.650441,0.349559,nan,0.000000,-0.300882,-0.181110,0.064387
0.612683,0.387317,nan,0.000000,-0.225366,-0.181110,0.064387
0.519940,0.480060,nan,0.000000,-0.039881,-0.181110,0.064387
0.546678,0.453322,nan,0.000000,-0.093356,-0.181110,0.064387
0.594206,0.405794,nan,0.000000,-0.188413,-0.181110,0.064387
0.583342,0.416658,nan,0.000000,-0.166684,-0.181110,0.064387
0.580298,0.419702,nan,0.000000,-0.160596,-0.181110,0.064387
0.589898,0.410102,nan,0.000000,-0.179796,-0.181110,0.064387
0.591685,0.408315,nan,0.000000,-0.183369,-0.181110,0.064387
0.578813,0.421187,nan,0.000000,-0.157626,-0.181110,0.064387
0.596093,0.403907,nan,0.000000,-0.192186,-0.181110,0.064387
0.611748,0.388252,nan,0.000000,-0.223496,-0.181110,0.064387
0.631999,0.368001,nan,0.000000,-0.263997,-0.181110,0.064387
0.648796,0.351204,nan,0.000000,-0.297593,-0.181110,0.064387
0.619729,0.380271,nan,0.000000,-0.239457,-0.181110,0.064387
0.609509,0.390491,nan,0.000000,-0.219019,-0.181110,0.064387
0.608590,0.391410,nan,0.000000,-0.217179,-0.181110,0.064387
0.593011,0.406989,nan,0.000000,-0.186022,-0.181110,0.064387
0.624336,0.375664,nan,0.000000,-0.248672,-0.181110,0.064387
0.584124,0.415876,nan,0.000000,-0.168248,-0.181110,0.064387
0.614575,0.385425,nan,0.000000,-0.229150,-0.181110,0.064387
0.556108,0.443892,nan,0.000000,-0.112216,-0.181110,0.064387
0.558677,0.441323,nan,0.000000,-0.117355,-0.181110,0.064387
0.594255,0.405745,nan,0.000000,-0.188510,-0.181110,0.064387
0.640226,0.359774,nan,0.000000,-0.280452,-0.181110,0.064387
0.455084,0.544916,nan,1.000000,0.089831,0.120724,0.064387
0.423028,0.576972,nan,0.000000,0.153944,0.120724,0.064387
0.382855,0.617145,nan,0.000000,0.234290,0.120724,0.064387
0.422977,0.577023,nan,0.000000,0.154046,0.120724,0.064387
0.416010,0.583990,nan,0.000000,0.167980,0.120724,0.064387
0.440648,0.559352,nan,0.000000,0.118704,0.120724,0.064387
0.389609,0.610391,nan,0.000000,0.220782,0.120724,0.064387
0.480202,0.519798,nan,0.000000,0.039597,0.120724,0.064387
0.439061,0.560939,nan,0.000000,0.121877,0.120724,0.064387
0.476253,0.523747,nan,0.000000,0.047493,0.120724,0.064387
0.406965,0.593035,nan,0.000000,0.186071,0.120724,0.064387
0.472914,0.527086,nan,0.000000,0.054173,0.120724,0.064387
0.447967,0.552033,nan,0.000000,0.104067,0.120724,0.064387
0.402875,0.597125,nan,0.000000,0.194249,0.120724,0.064387
0.455193,0.544807,nan,0.000000,0.089614,0.120724,0.064387
0.424201,0.575799,nan,0.000000,0.151598,0.120724,0.064387
0.410865,0.589135,nan,0.000000,0.178269,0.120724,0.064387
0.452707,0.547293,nan,0.000000,0.094585,0.120724,0.064387
0.423163,0.576837,nan,0.000000,0.153675,0.120724,0.064387
0.404956,0.595044,nan,0.000000,0.190089,0.120724,0.064387
0.443338,0.556662,nan,0.000000,0.113325,0.120724,0.064387
0.425803,0.574197,nan,0.000000,0.148393,0.120724,0.064387
0.449919,0.550081,nan,0.000000,0.100162,0.120724,0.064387
0.439258,0.560742,nan,0.000000,0.121484,0.120724,0.064387
0.429487,0.570513,nan,0.000000,0.141025,0.120724,0.064387
0.457836,0.542164,nan,0.000000,0.084327,0.120724,0.064387
0.436243,0.563757,nan,0.000000,0.127513,0.120724,0.064387
0.522567,0.477433,nan,0.000000,-0.045134,0.120724,0.064387
0.441191,0.558809,nan,1.000000,0.117617,0.144382,0.064387
0.405319,0.594681,nan,0.000000,0.189362,0.144382,0.064387
0.421659,0.578341,nan,0.000000,0.156682,0.144382,0.064387
0.415964,0.584036,nan,0.000000,0.168072,0.144382,0.064387
0.474068,0.525932,nan,0.000000,0.051863,0.144382,0.064387
0.428678,0.571322,nan,0.000000,0.142643,0.144382,0.064387
0.452929,0.547071,nan,0.000000,0.094141,0.144382,0.064387
0.399118,0.600882,nan,0.000000,0.201765,0.144382,0.064387
0.474185,0.525815,nan,0.000000,0.051630,0.144382,0.064387
0.437739,0.562261,nan,0.000000,0.124521,0.144382,0.064387
0.397146,0.602854,nan,0.000000,0.205708,0.144382,0.064387
0.407481,0.592519,nan,0.000000,0.185039,0.144382,0.064387
0.464184,0.535816,nan,0.000000,0.071632,0.144382,0.064387
0.428007,0.571993,nan,0.000000,0.143987,0.144382,0.064387
0.447556,0.552444,nan,0.000000,0.104888,0.144382,0.064387
0.428346,0.571654,nan,0.000000,0.143307,0.144382,0.064387
0.437672,0.562328,nan,0.000000,0.124655,0.144382,0.064387
0.443275,0.556725,nan,0.000000,0.113451,0.144382,0.064387
0.468167,0.531833,nan,0.000000,0.063666,0.144382,0.064387
0.445839,0.554161,nan,0.000000,0.108322,0.144382,0.064387
0.410965,0.589035,nan,0.000000,0.178070,0.144382,0.064387
0.413758,0.586242,nan,0.000000,0.172483,0.144382,0.064387
0.449620,0.550380,nan,0.000000,0.100760,0.144382,0.064387
0.428877,0.571123,nan,0.000000,0.142246,0.144382,0.064387
0.419091,0.580909,nan,0.000000,0.161817,0.144382,0.064387
0.424036,0.575964,nan,0.000000,0.151928,0.144382,0.064387
0.412729,0.587271,nan,0.000000,0.174543,0.144382,0.064387
0.439812,0.560188,nan,0.000000,0.120377,0.144382,0.064387
0.442904,0.557096,nan,0.000000,0.114192,0.144382,0.064387
0.429358,0.570642,nan,0.000000,0.141283,0.144382,0.064387
0.411282,0.588718,nan,0.000000,0.177436,0.144382,0.064387
0.452795,0.547205,nan,0.000000,0.094411,0.144382,0.064387
0.433211,0.566789,nan,0.000000,0.133578,0.144382,0.064387
0.392697,0.607303,nan,1.000000,0.214607,0.196183,0.064387
0.389439,0.610561,nan,0.000000,0.221123,0.196183,0.064387
0.446499,0.553501,nan,0.000000,0.107001,0.196183,0.064387
0.337308,0.662692,nan,0.000000,0.325383,0.196183,0.064387
0.397680,0.602320,nan,0.000000,0.204641,0.196183,0.064387
0.440882,0.559118,nan,0.000000,0.118237,0.196183,0.064387
0.446854,0.553146,nan,0.000000,0.106291,0.196183,0.064387
0.427761,0.572239,nan,0.000000,0.144477,0.196183,0.064387
0.425114,0.574886,nan,0.000000,0.149771,0.196183,0.064387
0.363665,0.636335,nan,0.000000,0.272670,0.196183,0.064387
0.348812,0.651188,nan,0.000000,0.302376,0.196183,0.064387
0.395218,0.604782,nan,0.000000,0.209563,0.196183,0.064387
0.392881,0.607119,nan,0.000000,0.214237,0.196183,0.064387
0.414286,0.585714,nan,0.000000,0.171428,0.196183,0.064387
0.442739,0.557261,nan,0.000000,0.114522,0.196183,0.064387
0.421365,0.578635,nan,0.000000,0.157270,0.196183,0.064387
0.400449,0.599551,nan,0.000000,0.199101,0.196183,0.064387
0.353475,0.646525,nan,0.000000,0.293050,0.196183,0.064387
0.401289,0.598711,nan,0.000000,0.197422,0.196183,0.064387
0.359051,0.640949,nan,0.000000,0.281898,0.196183,0.064387
0.471836,0.528164,nan,0.000000,0.056328,0.196183,0.064387
0.391938,0.608062,nan,0.000000,0.216124,0.196183,0.064387
0.408837,0.591163,nan,0.000000,0.182325,0.196183,0.064387
0.417591,0.582409,nan,0.000000,0.164819,0.196183,0.064387
0.447269,0.552731,nan,0.000000,0.105462,0.196183,0.064387
0.326889,0.673111,nan,0.000000,0.346223,0.196183,0.064387
0.415000,0.585000,nan,0.000000,0.170001,0.196183,0.064387
0.392144,0.607856,nan,0.000000,0.215712,0.196183,0.064387
0.426970,0.573030,nan,0.000000,0.146059,0.196183,0.064387
0.451943,0.548057,nan,0.000000,0.096113,0.196183,0.064387
0.410127,0.589873,nan,0.000000,0.179745,0.196183,0.064387
0.450244,0.549756,nan,1.000000,0.099512,0.046443,0.064387
0.421273,0.578727,nan,0.000000,0.157454,0.046443,0.064387
0.464100,0.535900,nan,0.000000,0.071800,0.046443,0.064387
0.531473,0.468527,nan,0.000000,-0.062945,0.046443,0.064387
0.491947,0.508053,nan,0.000000,0.016107,0.046443,0.064387
0.464601,0.535399,nan,0.000000,0.070799,0.046443,0.064387
0.533431,0.466569,nan,0.000000,-0.066861,0.046443,0.064387
0.489623,0.510377,nan,0.000000,0.020753,0.046443,0.064387
0.434276,0.565724,nan,0.000000,0.131449,0.046443,0.064387
0.481693,0.518307,nan,0.000000,0.036614,0.046443,0.064387
0.467445,0.532555,nan,0.000000,0.065109,0.046443,0.064387
0.470379,0.529621,nan,0.000000,0.059242,0.046443,0.064387
0.509330,0.490670,nan,0.000000,-0.018660,0.046443,0.064387
0.481343,0.518657,nan,0.000000,0.037314,0.046443,0.064387
0.479709,0.520291,nan,0.000000,0.040582,0.046443,0.064387
0.510470,0.489530,nan,0.000000,-0.020940,0.046443,0.064387
0.560583,0.439417,nan,0.000000,-0.121167,0.046443,0.064387
0.461980,0.538020,nan,0.000000,0.076041,0.046443,0.064387
0.451266,0.548734,nan,0.000000,0.097468,0.046443,0.064387
0.518777,0.481223,nan,0.000000,-0.037554,0.046443,0.064387
0.487300,0.512700,nan,0.000000,0.025399,0.046443,0.064387
0.442773,0.557227,nan,0.000000,0.114455,0.046443,0.064387
0.486793,0.513207,nan,0.000000,0.026413,0.046443,0.064387
0.479781,0.520219,nan,0.000000,0.040437,0.046443,0.064387
0.441385,0.558615,nan,0.000000,0.117229,0.046443,0.064387
0.556234,0.443766,nan,0.000000,-0.112468,0.046443,0.064387
0.464977,0.535023,nan,0.000000,0.070047,0.046443,0.064387
0.512111,0.487889,nan,0.000000,-0.024223,0.046443,0.064387
0.460685,0.539315,nan,0.000000,0.078630,0.046443,0.064387
0.486337,0.513663,nan,0.000000,0.027325,0.046443,0.064387
0.476715,0.523285,nan,0.000000,0.046570,0.046443,0.064387
0.481113,0.518887,nan,0.000000,0.037775,0.046443,0.064387
0.451629,0.548371,nan,0.000000,0.096742,0.046443,0.064387
0.480656,0.519344,nan,0.000000,0.038688,0.046443,0.064387
0.462265,0.537735,nan,0.000000,0.075470,0.046443,0.064387
0.414847,0.585153,nan,0.000000,0.170306,0.046443,0.064387
0.449955,0.550045,nan,0.000000,0.100089,0.046443,0.064387
0.627271,0.372729,nan,1.000000,-0.254542,-0.144430,0.064387
0.622509,0.377491,nan,0.000000,-0.245017,-0.144430,0.064387
0.569153,0.430847,nan,0.000000,-0.138305,-0.144430,0.064387
0.545198,0.454802,nan,0.000000,-0.090395,-0.144430,0.064387
0.607034,0.392966,nan,0.000000,-0.214068,-0.144430,0.064387
0.561266,0.438734,nan,0.000000,-0.122533,-0.144430,0.064387
0.579602,0.420398,nan,0.000000,-0.159205,-0.144430,0.064387
0.569710,0.430290,nan,0.000000,-0.139421,-0.144430,0.064387
0.574147,0.425853,nan,0.000000,-0.148294,-0.144430,0.064387
0.584991,0.415009,nan,0.000000,-0.169982,-0.144430,0.064387
0.598644,0.401356,nan,0.000000,-0.197288,-0.144430,0.064387
0.572930,0.427070,nan,0.000000,-0.145861,-0.144430,0.064387
0.534938,0.465062,nan,0.000000,-0.069877,-0.144430,0.064387
0.554776,0.445224,nan,0.000000,-0.109551,-0.144430,0.064387
0.545871,0.454129,nan,0.000000,-0.091742,-0.144430,0.064387
0.517446,0.482554,nan,0.000000,-0.034892,-0.144430,0.064387
0.542302,0.457698,nan,0.000000,-0.084603,-0.144430,0.064387
0.543336,0.456664,nan,0.000000,-0.086672,-0.144430,0.064387
0.577501,0.422499,nan,0.000000,-0.155003,-0.144430,0.064387
0.585327,0.414673,nan,0.000000,-0.170653,-0.144430,0.064387
0.592676,0.407324,nan,0.000000,-0.185352,-0.144430,0.064387
0.545338,0.454662,nan,0.000000,-0.090677,-0.144430,0.064387
0.553105,0.446895,nan,0.000000,-0.106210,-0.144430,0.064387
0.559330,0.440670,nan,0.000000,-0.118660,-0.144430,0.064387
0.557425,0.442575,nan,0.000000,-0.114850,-0.144430,0.064387
0.590243,0.409757,nan,0.000000,-0.180486,-0.144430,0.064387
0.515792,0.484208,nan,0.000000,-0.031583,-0.144430,0.064387
0.568169,0.431831,nan,0.000000,-0.136339,-0.144430,0.064387
0.561899,0.438101,nan,0.000000,-0.123799,-0.144430,0.064387
0.561869,0.438131,nan,0.000000,-0.123737,-0.144430,0.064387
0.578718,0.421282,nan,0.000000,-0.157435,-0.144430,0.064387
0.569635,0.430365,nan,0.000000,-0.139270,-0.144430,0.064387
