r_t1, r_t2, c_prob, c_prob_epoch_t0, c_prob_epoch_t1, cp, obs_cp,mu_rewards, std_rewards
0.000000,2.310083,1.000000,0.000000,1.000000,0.000000,0.000000,3.000000,1.000000
4.799292,0.000000,0.500000,0.500000,0.500000,0.000000,1.000000,3.000000,1.000000
0.000000,2.507523,0.666667,0.333333,0.666667,0.000000,1.000000,3.000000,1.000000
0.000000,2.919303,0.750000,0.250000,0.750000,0.000000,0.000000,3.000000,1.000000
0.000000,1.918118,0.800000,0.200000,0.800000,0.000000,0.000000,3.000000,1.000000
0.000000,2.794507,0.833333,0.166667,0.833333,0.000000,0.000000,3.000000,1.000000
0.000000,3.398162,0.857143,0.142857,0.857143,0.000000,0.000000,3.000000,1.000000
0.000000,1.962209,0.875000,0.125000,0.875000,0.000000,0.000000,3.000000,1.000000
0.000000,2.654596,0.888889,0.111111,0.888889,0.000000,0.000000,3.000000,1.000000
0.000000,1.655702,0.900000,0.100000,0.900000,0.000000,0.000000,3.000000,1.000000
1.524669,0.000000,0.818182,0.181818,0.818182,0.000000,1.000000,3.000000,1.000000
2.377012,0.000000,0.750000,0.250000,0.750000,0.000000,0.000000,3.000000,1.000000
-0.154532,0.000000,0.692308,0.230769,0.769231,0.000000,0.000000,3.000000,1.000000
0.000000,1.454491,0.714286,0.214286,0.785714,0.000000,1.000000,3.000000,1.000000
0.000000,3.187826,0.733333,0.200000,0.800000,0.000000,0.000000,3.000000,1.000000
3.379629,0.000000,0.687500,0.250000,0.750000,0.000000,1.000000,3.000000,1.000000
3.236252,0.000000,0.647059,0.294118,0.705882,0.000000,0.000000,3.000000,1.000000
0.000000,3.593221,0.666667,0.277778,0.722222,0.000000,1.000000,3.000000,1.000000
0.000000,2.039138,0.631579,0.000000,1.000000,1.000000,0.000000,3.000000,1.000000
4.007959,0.000000,0.650000,0.500000,0.500000,0.000000,1.000000,3.000000,1.000000
3.018230,0.000000,0.666667,0.666667,0.333333,0.000000,0.000000,3.000000,1.000000
0.000000,3.230635,0.636364,0.500000,0.500000,0.000000,1.000000,3.000000,1.000000
4.529022,0.000000,0.652174,0.600000,0.400000,0.000000,1.000000,3.000000,1.000000
0.000000,1.874467,0.625000,0.500000,0.500000,0.000000,1.000000,3.000000,1.000000
3.695867,0.000000,0.640000,0.571429,0.428571,0.000000,1.000000,3.000000,1.000000
2.712351,0.000000,0.653846,0.625000,0.375000,0.000000,0.000000,3.000000,1.000000
3.164988,0.000000,0.666667,0.666667,0.333333,0.000000,0.000000,3.000000,1.000000
0.000000,3.676779,0.642857,0.600000,0.400000,0.000000,1.000000,3.000000,1.000000
0.000000,3.071554,0.620690,0.545455,0.454545,0.000000,0.000000,3.000000,1.000000
3.533367,0.000000,0.633333,0.583333,0.416667,0.000000,1.000000,3.000000,1.000000
0.000000,3.166868,0.612903,0.538462,0.461538,0.000000,1.000000,3.000000,1.000000
0.000000,2.964620,0.593750,0.500000,0.500000,0.000000,0.000000,3.000000,1.000000
0.656214,0.000000,0.606061,0.533333,0.466667,0.000000,1.000000,3.000000,1.000000
0.000000,2.397751,0.588235,0.500000,0.500000,0.000000,1.000000,3.000000,1.000000
2.537737,0.000000,0.600000,0.529412,0.470588,0.000000,1.000000,3.000000,1.000000
3.606990,0.000000,0.611111,0.555556,0.444444,0.000000,0.000000,3.000000,1.000000
0.000000,2.740560,0.594595,0.526316,0.473684,0.000000,1.000000,3.000000,1.000000
2.811749,0.000000,0.605263,0.550000,0.450000,0.000000,1.000000,3.000000,1.000000
5.297095,0.000000,0.615385,0.571429,0.428571,0.000000,0.000000,3.000000,1.000000
1.869485,0.000000,0.625000,0.590909,0.409091,0.000000,0.000000,3.000000,1.000000
5.132514,0.000000,0.634146,0.608696,0.391304,0.000000,0.000000,3.000000,1.000000
0.000000,2.464092,0.619048,0.583333,0.416667,0.000000,1.000000,3.000000,1.000000
0.000000,2.585295,0.604651,0.560000,0.440000,0.000000,0.000000,3.000000,1.000000
1.753326,0.000000,0.590909,1.000000,0.000000,1.000000,1.000000,3.000000,1.000000
3.393559,0.000000,0.577778,1.000000,0.000000,0.000000,0.000000,3.000000,1.000000
0.000000,3.088101,0.586957,0.666667,0.333333,0.000000,1.000000,3.000000,1.000000
0.000000,1.604001,0.595745,0.500000,0.500000,0.000000,0.000000,3.000000,1.000000
2.137545,0.000000,0.583333,0.600000,0.400000,0.000000,1.000000,3.000000,1.000000
0.000000,4.646064,0.591837,0.500000,0.500000,0.000000,1.000000,3.000000,1.000000
0.000000,4.404318,0.600000,0.428571,0.571429,0.000000,0.000000,3.000000,1.000000
0.000000,3.463577,0.607843,0.375000,0.625000,0.000000,0.000000,3.000000,1.000000
0.000000,3.353964,0.615385,0.333333,0.666667,0.000000,0.000000,3.000000,1.000000
0.000000,3.884277,0.622642,0.300000,0.700000,0.000000,0.000000,3.000000,1.000000
0.000000,2.881749,0.629630,0.272727,0.727273,0.000000,0.000000,3.000000,1.000000
0.000000,3.536648,0.636364,0.250000,0.750000,0.000000,0.000000,3.000000,1.000000
0.000000,3.971855,0.642857,0.230769,0.769231,0.000000,0.000000,3.000000,1.000000
0.000000,3.890115,0.649123,0.214286,0.785714,0.000000,0.000000,3.000000,1.000000
2.259677,0.000000,0.637931,0.266667,0.733333,0.000000,1.000000,3.000000,1.000000
0.000000,2.502733,0.644068,0.250000,0.750000,0.000000,1.000000,3.000000,1.000000
0.000000,3.077466,0.650000,0.235294,0.764706,0.000000,0.000000,3.000000,1.000000
3.621482,0.000000,0.639344,0.277778,0.722222,0.000000,1.000000,3.000000,1.000000
0.000000,1.876419,0.645161,0.263158,0.736842,0.000000,1.000000,3.000000,1.000000
3.841516,0.000000,0.634921,0.300000,0.700000,0.000000,1.000000,3.000000,1.000000
0.000000,2.049346,0.640625,0.285714,0.714286,0.000000,1.000000,3.000000,1.000000
0.000000,3.036550,0.646154,0.272727,0.727273,0.000000,0.000000,3.000000,1.000000
3.981755,0.000000,0.651515,1.000000,0.000000,1.000000,1.000000,3.000000,1.000000
3.411637,0.000000,0.656716,1.000000,0.000000,0.000000,0.000000,3.000000,1.000000
2.570494,0.000000,0.661765,1.000000,0.000000,0.000000,0.000000,3.000000,1.000000
1.194075,0.000000,0.666667,1.000000,0.000000,0.000000,0.000000,3.000000,1.000000
0.000000,3.361747,0.657143,0.800000,0.200000,0.000000,1.000000,3.000000,1.000000
0.000000,2.235839,0.647887,0.666667,0.333333,0.000000,0.000000,3.000000,1.000000
0.000000,3.998933,0.638889,0.571429,0.428571,0.000000,0.000000,3.000000,1.000000
0.000000,4.964657,0.630137,0.500000,0.500000,0.000000,0.000000,3.000000,1.000000
2.957633,0.000000,0.635135,0.555556,0.444444,0.000000,1.000000,3.000000,1.000000
0.000000,2.374404,0.626667,0.500000,0.500000,0.000000,1.000000,3.000000,1.000000
0.000000,1.955199,0.618421,0.454545,0.545455,0.000000,0.000000,3.000000,1.000000
0.000000,2.505596,0.610390,0.416667,0.583333,0.000000,0.000000,3.000000,1.000000
2.273902,0.000000,0.615385,0.461538,0.538462,0.000000,1.000000,3.000000,1.000000
2.698293,0.000000,0.620253,0.500000,0.500000,0.000000,0.000000,3.000000,1.000000
4.314452,0.000000,0.625000,0.533333,0.466667,0.000000,0.000000,3.000000,1.000000
0.000000,5.243023,0.617284,0.500000,0.500000,0.000000,1.000000,3.000000,1.000000
4.484118,0.000000,0.621951,0.529412,0.470588,0.000000,1.000000,3.000000,1.000000
4.016691,0.000000,0.626506,0.555556,0.444444,0.000000,0.000000,3.000000,1.000000
0.000000,5.260852,0.619048,0.526316,0.473684,0.000000,1.000000,3.000000,1.000000
3.171054,0.000000,0.623529,0.550000,0.450000,0.000000,1.000000,3.000000,1.000000
0.000000,3.419990,0.616279,0.523810,0.476190,0.000000,1.000000,3.000000,1.000000
0.000000,2.206391,0.609195,0.500000,0.500000,0.000000,0.000000,3.000000,1.000000
2.735266,0.000000,0.613636,0.521739,0.478261,0.000000,1.000000,3.000000,1.000000
3.075556,0.000000,0.617978,0.541667,0.458333,0.000000,0.000000,3.000000,1.000000
0.000000,3.600901,0.611111,0.520000,0.480000,0.000000,1.000000,3.000000,1.000000
3.578305,0.000000,0.615385,0.538462,0.461538,0.000000,1.000000,3.000000,1.000000
1.317591,0.000000,0.619565,0.555556,0.444444,0.000000,0.000000,3.000000,1.000000
3.022121,0.000000,0.623656,0.571429,0.428571,0.000000,0.000000,3.000000,1.000000
0.000000,2.661178,0.617021,0.551724,0.448276,0.000000,1.000000,3.000000,1.000000
0.000000,2.421968,0.610526,0.533333,0.466667,0.000000,0.000000,3.000000,1.000000
2.646498,0.000000,0.614583,0.548387,0.451613,0.000000,1.000000,3.000000,1.000000
4.169250,0.000000,0.618557,0.562500,0.437500,0.000000,0.000000,3.000000,1.000000
0.000000,2.726102,0.612245,0.545455,0.454545,0.000000,1.000000,3.000000,1.000000
0.000000,2.448739,0.606061,0.529412,0.470588,0.000000,0.000000,3.000000,1.000000
2.040482,0.000000,0.610000,0.542857,0.457143,0.000000,1.000000,3.000000,1.000000
3.146836,0.000000,0.603960,1.000000,0.000000,1.000000,0.000000,3.000000,1.000000
0.000000,3.289753,0.607843,0.500000,0.500000,0.000000,1.000000,3.000000,1.000000
0.000000,4.419675,0.611650,0.333333,0.666667,0.000000,0.000000,3.000000,1.000000
5.153344,0.000000,0.605769,0.500000,0.500000,0.000000,1.000000,3.000000,1.000000
0.000000,2.229886,0.609524,0.400000,0.600000,0.000000,1.000000,3.000000,1.000000
4.199980,0.000000,0.603774,0.500000,0.500000,0.000000,1.000000,3.000000,1.000000
0.000000,3.138415,0.607477,0.428571,0.571429,0.000000,1.000000,3.000000,1.000000
0.000000,2.630001,0.611111,0.375000,0.625000,0.000000,0.000000,3.000000,1.000000
0.000000,2.813128,0.614679,0.333333,0.666667,0.000000,0.000000,3.000000,1.000000
0.000000,3.737986,0.618182,0.300000,0.700000,0.000000,0.000000,3.000000,1.000000
0.000000,1.964846,0.621622,0.272727,0.727273,0.000000,0.000000,3.000000,1.000000
0.000000,4.236066,0.625000,0.250000,0.750000,0.000000,0.000000,3.000000,1.000000
0.000000,3.570535,0.628319,0.230769,0.769231,0.000000,0.000000,3.000000,1.000000
0.000000,4.956069,0.631579,0.214286,0.785714,0.000000,0.000000,3.000000,1.000000
3.791372,0.000000,0.626087,0.266667,0.733333,0.000000,1.000000,3.000000,1.000000
0.000000,2.761727,0.629310,0.250000,0.750000,0.000000,1.000000,3.000000,1.000000
3.256979,0.000000,0.623932,0.294118,0.705882,0.000000,1.000000,3.000000,1.000000
0.000000,2.942562,0.627119,0.277778,0.722222,0.000000,1.000000,3.000000,1.000000
4.652438,0.000000,0.621849,0.315789,0.684211,0.000000,1.000000,3.000000,1.000000
3.596573,0.000000,0.616667,0.350000,0.650000,0.000000,0.000000,3.000000,1.000000
0.000000,2.294817,0.619835,0.333333,0.666667,0.000000,1.000000,3.000000,1.000000
0.000000,3.082913,0.622951,0.318182,0.681818,0.000000,0.000000,3.000000,1.000000
2.589865,0.000000,0.617886,0.347826,0.652174,0.000000,1.000000,3.000000,1.000000
0.000000,4.143057,0.620968,0.333333,0.666667,0.000000,1.000000,3.000000,1.000000
0.000000,2.541168,0.624000,0.320000,0.680000,0.000000,0.000000,3.000000,1.000000
2.362409,0.000000,0.619048,0.346154,0.653846,0.000000,1.000000,3.000000,1.000000
3.562009,0.000000,0.614173,0.370370,0.629630,0.000000,0.000000,3.000000,1.000000
0.000000,2.617804,0.617188,0.357143,0.642857,0.000000,1.000000,3.000000,1.000000
0.000000,1.720094,0.620155,0.344828,0.655172,0.000000,0.000000,3.000000,1.000000
0.000000,2.773218,0.623077,0.333333,0.666667,0.000000,0.000000,3.000000,1.000000
0.000000,3.308344,0.625954,0.322581,0.677419,0.000000,0.000000,3.000000,1.000000
2.598243,0.000000,0.621212,0.343750,0.656250,0.000000,1.000000,3.000000,1.000000
0.000000,2.343473,0.624060,0.333333,0.666667,0.000000,1.000000,3.000000,1.000000
3.515469,0.000000,0.626866,1.000000,0.000000,1.000000,1.000000,3.000000,1.000000
4.025997,0.000000,0.629630,1.000000,0.000000,0.000000,0.000000,3.000000,1.000000
0.000000,2.929502,0.625000,0.666667,0.333333,0.000000,1.000000,3.000000,1.000000
2.252184,0.000000,0.627737,0.750000,0.250000,0.000000,1.000000,3.000000,1.000000
0.000000,2.746219,0.623188,0.600000,0.400000,0.000000,1.000000,3.000000,1.000000
0.000000,2.702529,0.618705,0.500000,0.500000,0.000000,0.000000,3.000000,1.000000
2.831340,0.000000,0.621429,0.571429,0.428571,0.000000,1.000000,3.000000,1.000000
2.074017,0.000000,0.624113,0.625000,0.375000,0.000000,0.000000,3.000000,1.000000
2.317959,0.000000,0.626761,0.666667,0.333333,0.000000,0.000000,3.000000,1.000000
3.573987,0.000000,0.629371,0.700000,0.300000,0.000000,0.000000,3.000000,1.000000
2.914814,0.000000,0.631944,0.727273,0.272727,0.000000,0.000000,3.000000,1.000000
0.000000,2.478490,0.627586,0.666667,0.333333,0.000000,1.000000,3.000000,1.000000
3.620420,0.000000,0.630137,0.692308,0.307692,0.000000,1.000000,3.000000,1.000000
2.893700,0.000000,0.632653,0.714286,0.285714,0.000000,0.000000,3.000000,1.000000
2.853821,0.000000,0.635135,0.733333,0.266667,0.000000,0.000000,3.000000,1.000000
0.000000,3.093343,0.630872,0.687500,0.312500,0.000000,1.000000,3.000000,1.000000
0.000000,3.142391,0.626667,0.647059,0.352941,0.000000,0.000000,3.000000,1.000000
4.205293,0.000000,0.629139,0.666667,0.333333,0.000000,1.000000,3.000000,1.000000
2.014517,0.000000,0.631579,0.684211,0.315789,0.000000,0.000000,3.000000,1.000000
3.729022,0.000000,0.633987,0.700000,0.300000,0.000000,0.000000,3.000000,1.000000
4.697418,0.000000,0.636364,0.714286,0.285714,0.000000,0.000000,3.000000,1.000000
0.000000,2.192872,0.632258,0.681818,0.318182,0.000000,1.000000,3.000000,1.000000
3.865845,0.000000,0.634615,0.695652,0.304348,0.000000,1.000000,3.000000,1.000000
0.000000,3.746625,0.630573,0.666667,0.333333,0.000000,1.000000,3.000000,1.000000
0.000000,2.895333,0.626582,0.640000,0.360000,0.000000,0.000000,3.000000,1.000000
0.000000,3.073933,0.628931,0.000000,1.000000,1.000000,0.000000,3.000000,1.000000
0.000000,1.997583,0.631250,0.000000,1.000000,0.000000,0.000000,3.000000,1.000000
0.000000,1.948834,0.633540,0.000000,1.000000,0.000000,0.000000,3.000000,1.000000
2.750761,0.000000,0.629630,0.250000,0.750000,0.000000,1.000000,3.000000,1.000000
3.254878,0.000000,0.625767,0.400000,0.600000,0.000000,0.000000,3.000000,1.000000
2.569038,0.000000,0.621951,0.500000,0.500000,0.000000,0.000000,3.000000,1.000000
0.000000,3.609015,0.624242,0.428571,0.571429,0.000000,1.000000,3.000000,1.000000
0.000000,2.058644,0.626506,0.375000,0.625000,0.000000,0.000000,3.000000,1.000000
0.000000,3.718388,0.628743,0.333333,0.666667,0.000000,0.000000,3.000000,1.000000
0.000000,3.222306,0.630952,0.300000,0.700000,0.000000,0.000000,3.000000,1.000000
0.000000,2.314021,0.633136,0.272727,0.727273,0.000000,0.000000,3.000000,1.000000
0.000000,3.586042,0.635294,0.250000,0.750000,0.000000,0.000000,3.000000,1.000000
3.427417,0.000000,0.631579,0.307692,0.692308,0.000000,1.000000,3.000000,1.000000
0.000000,4.440009,0.633721,0.285714,0.714286,0.000000,1.000000,3.000000,1.000000
0.000000,3.329595,0.635838,0.266667,0.733333,0.000000,0.000000,3.000000,1.000000
0.000000,1.841036,0.637931,0.250000,0.750000,0.000000,0.000000,3.000000,1.000000
0.000000,2.923981,0.640000,0.235294,0.764706,0.000000,0.000000,3.000000,1.000000
0.000000,2.675680,0.642045,0.222222,0.777778,0.000000,0.000000,3.000000,1.000000
0.000000,2.523056,0.644068,0.210526,0.789474,0.000000,0.000000,3.000000,1.000000
0.000000,2.932907,0.646067,0.200000,0.800000,0.000000,0.000000,3.000000,1.000000
0.000000,2.750453,0.648045,0.190476,0.809524,0.000000,0.000000,3.000000,1.000000
0.000000,3.719829,0.650000,0.181818,0.818182,0.000000,0.000000,3.000000,1.000000
0.000000,3.626296,0.651934,0.173913,0.826087,0.000000,0.000000,3.000000,1.000000
0.000000,3.795306,0.653846,0.166667,0.833333,0.000000,0.000000,3.000000,1.000000
0.000000,2.052126,0.655738,0.160000,0.840000,0.000000,0.000000,3.000000,1.000000
3.266017,0.000000,0.652174,0.192308,0.807692,0.000000,1.000000,3.000000,1.000000
1.579415,0.000000,0.648649,0.222222,0.777778,0.000000,0.000000,3.000000,1.000000
3.670640,0.000000,0.645161,0.250000,0.750000,0.000000,0.000000,3.000000,1.000000
0.000000,2.586294,0.647059,0.241379,0.758621,0.000000,1.000000,3.000000,1.000000
2.916870,0.000000,0.643617,0.266667,0.733333,0.000000,1.000000,3.000000,1.000000
0.000000,3.056068,0.645503,0.258065,0.741935,0.000000,1.000000,3.000000,1.000000
0.000000,2.265605,0.647368,0.250000,0.750000,0.000000,0.000000,3.000000,1.000000
0.000000,0.639883,0.649215,0.242424,0.757576,0.000000,0.000000,3.000000,1.000000
2.655572,0.000000,0.645833,0.264706,0.735294,0.000000,1.000000,3.000000,1.000000
0.000000,3.563263,0.647668,0.257143,0.742857,0.000000,1.000000,3.000000,1.000000
3.958223,0.000000,0.649485,1.000000,0.000000,1.000000,1.000000,3.000000,1.000000
3.297219,0.000000,0.651282,1.000000,0.000000,0.000000,0.000000,3.000000,1.000000
0.000000,3.332781,0.647959,0.666667,0.333333,0.000000,1.000000,3.000000,1.000000
2.526376,0.000000,0.649746,0.750000,0.250000,0.000000,1.000000,3.000000,1.000000
2.763148,0.000000,0.651515,0.800000,0.200000,0.000000,0.000000,3.000000,1.000000
3.965804,0.000000,0.653266,0.833333,0.166667,0.000000,0.000000,3.000000,1.000000
2.336219,0.000000,0.655000,0.857143,0.142857,0.000000,0.000000,3.000000,1.000000
4.241837,0.000000,0.656716,0.875000,0.125000,0.000000,0.000000,3.000000,1.000000
0.000000,2.557044,0.653465,0.777778,0.222222,0.000000,1.000000,3.000000,1.000000
1.839707,0.000000,0.655172,0.800000,0.200000,0.000000,1.000000,3.000000,1.000000
1.946963,0.000000,0.656863,0.818182,0.181818,0.000000,0.000000,3.000000,1.000000
1.653803,0.000000,0.658537,0.833333,0.166667,0.000000,0.000000,3.000000,1.000000
2.043047,0.000000,0.660194,0.846154,0.153846,0.000000,0.000000,3.000000,1.000000
2.126373,0.000000,0.661836,0.857143,0.142857,0.000000,0.000000,3.000000,1.000000
4.066987,0.000000,0.663462,0.866667,0.133333,0.000000,0.000000,3.000000,1.000000
0.000000,3.413668,0.660287,0.812500,0.187500,0.000000,1.000000,3.000000,1.000000
2.927433,0.000000,0.661905,0.823529,0.176471,0.000000,1.000000,3.000000,1.000000
0.000000,4.934125,0.658768,0.777778,0.222222,0.000000,1.000000,3.000000,1.000000
5.299502,0.000000,0.660377,0.789474,0.210526,0.000000,1.000000,3.000000,1.000000
2.988313,0.000000,0.661972,0.800000,0.200000,0.000000,0.000000,3.000000,1.000000
4.696737,0.000000,0.663551,0.809524,0.190476,0.000000,0.000000,3.000000,1.000000
0.000000,3.776090,0.660465,0.772727,0.227273,0.000000,1.000000,3.000000,1.000000
0.000000,1.630357,0.657407,0.739130,0.260870,0.000000,0.000000,3.000000,1.000000
3.241801,0.000000,0.658986,0.750000,0.250000,0.000000,1.000000,3.000000,1.000000
0.000000,2.678020,0.655963,0.720000,0.280000,0.000000,1.000000,3.000000,1.000000
2.439708,0.000000,0.657534,0.730769,0.269231,0.000000,1.000000,3.000000,1.000000
3.887845,0.000000,0.659091,0.740741,0.259259,0.000000,0.000000,3.000000,1.000000
3.504502,0.000000,0.660633,0.750000,0.250000,0.000000,0.000000,3.000000,1.000000
1.837974,0.000000,0.662162,0.758621,0.241379,0.000000,0.000000,3.000000,1.000000
0.000000,1.898964,0.659193,0.733333,0.266667,0.000000,1.000000,3.000000,1.000000
0.000000,2.621349,0.656250,0.709677,0.290323,0.000000,0.000000,3.000000,1.000000
0.000000,4.904511,0.657778,0.000000,1.000000,1.000000,0.000000,3.000000,1.000000
0.000000,2.505640,0.659292,0.000000,1.000000,0.000000,0.000000,3.000000,1.000000
2.898014,0.000000,0.656388,0.333333,0.666667,0.000000,1.000000,3.000000,1.000000
0.000000,3.656214,0.657895,0.250000,0.750000,0.000000,1.000000,3.000000,1.000000
0.000000,0.108027,0.659389,0.200000,0.800000,0.000000,0.000000,3.000000,1.000000
0.000000,3.362860,0.660870,0.166667,0.833333,0.000000,0.000000,3.000000,1.000000
0.000000,1.733344,0.662338,0.142857,0.857143,0.000000,0.000000,3.000000,1.000000
0.000000,3.158581,0.663793,0.125000,0.875000,0.000000,0.000000,3.000000,1.000000
4.029268,0.000000,0.660944,0.222222,0.777778,0.000000,1.000000,3.000000,1.000000
0.000000,3.183065,0.662393,0.200000,0.800000,0.000000,1.000000,3.000000,1.000000
4.677779,0.000000,0.659574,0.272727,0.727273,0.000000,1.000000,3.000000,1.000000
0.000000,3.787662,0.661017,0.250000,0.750000,0.000000,1.000000,3.000000,1.000000
5.191581,0.000000,0.658228,0.307692,0.692308,0.000000,1.000000,3.000000,1.000000
2.854740,0.000000,0.655462,0.357143,0.642857,0.000000,0.000000,3.000000,1.000000
0.000000,3.898273,0.656904,0.333333,0.666667,0.000000,1.000000,3.000000,1.000000
0.000000,2.912874,0.658333,0.312500,0.687500,0.000000,0.000000,3.000000,1.000000
0.000000,2.942067,0.659751,0.294118,0.705882,0.000000,0.000000,3.000000,1.000000
4.707737,0.000000,0.657025,0.333333,0.666667,0.000000,1.000000,3.000000,1.000000
0.000000,2.813659,0.658436,0.315789,0.684211,0.000000,1.000000,3.000000,1.000000
0.000000,2.040927,0.659836,0.300000,0.700000,0.000000,0.000000,3.000000,1.000000
2.911960,0.000000,0.657143,0.333333,0.666667,0.000000,1.000000,3.000000,1.000000
2.676386,0.000000,0.654472,0.363636,0.636364,0.000000,0.000000,3.000000,1.000000
2.849521,0.000000,0.651822,0.391304,0.608696,0.000000,0.000000,3.000000,1.000000
0.000000,2.380534,0.653226,0.375000,0.625000,0.000000,1.000000,3.000000,1.000000
0.000000,3.270380,0.654618,0.360000,0.640000,0.000000,0.000000,3.000000,1.000000
0.000000,4.305471,0.656000,0.346154,0.653846,0.000000,0.000000,3.000000,1.000000
0.000000,3.170521,0.657371,0.333333,0.666667,0.000000,0.000000,3.000000,1.000000
3.439519,0.000000,0.658730,1.000000,0.000000,1.000000,1.000000,3.000000,1.000000
5.140719,0.000000,0.660079,1.000000,0.000000,0.000000,0.000000,3.000000,1.000000
0.000000,1.848472,0.657480,0.666667,0.333333,0.000000,1.000000,3.000000,1.000000
1.092142,0.000000,0.658824,0.750000,0.250000,0.000000,1.000000,3.000000,1.000000
3.302992,0.000000,0.660156,0.800000,0.200000,0.000000,0.000000,3.000000,1.000000
5.068048,0.000000,0.661479,0.833333,0.166667,0.000000,0.000000,3.000000,1.000000
1.529830,0.000000,0.662791,0.857143,0.142857,0.000000,0.000000,3.000000,1.000000
0.000000,1.309255,0.660232,0.750000,0.250000,0.000000,1.000000,3.000000,1.000000
3.498637,0.000000,0.661538,0.777778,0.222222,0.000000,1.000000,3.000000,1.000000
3.478358,0.000000,0.662835,0.800000,0.200000,0.000000,0.000000,3.000000,1.000000
4.830222,0.000000,0.664122,0.818182,0.181818,0.000000,0.000000,3.000000,1.000000
3.620057,0.000000,0.665399,0.833333,0.166667,0.000000,0.000000,3.000000,1.000000
1.891920,0.000000,0.666667,0.846154,0.153846,0.000000,0.000000,3.000000,1.000000
0.000000,5.121407,0.664151,0.785714,0.214286,0.000000,1.000000,3.000000,1.000000
3.707685,0.000000,0.665414,0.800000,0.200000,0.000000,1.000000,3.000000,1.000000
0.000000,1.688693,0.662921,0.750000,0.250000,0.000000,1.000000,3.000000,1.000000
3.921535,0.000000,0.664179,0.764706,0.235294,0.000000,1.000000,3.000000,1.000000
0.000000,3.997746,0.661710,0.722222,0.277778,0.000000,1.000000,3.000000,1.000000
0.000000,3.248972,0.659259,0.684211,0.315789,0.000000,0.000000,3.000000,1.000000
2.138383,0.000000,0.660517,0.700000,0.300000,0.000000,1.000000,3.000000,1.000000
2.638064,0.000000,0.661765,0.714286,0.285714,0.000000,0.000000,3.000000,1.000000
3.276042,0.000000,0.663004,0.727273,0.272727,0.000000,0.000000,3.000000,1.000000
3.377422,0.000000,0.664234,0.739130,0.260870,0.000000,0.000000,3.000000,1.000000
4.496209,0.000000,0.665455,0.750000,0.250000,0.000000,0.000000,3.000000,1.000000
4.162515,0.000000,0.666667,0.760000,0.240000,0.000000,0.000000,3.000000,1.000000
3.273789,0.000000,0.667870,0.769231,0.230769,0.000000,0.000000,3.000000,1.000000
0.000000,3.288778,0.665468,0.740741,0.259259,0.000000,1.000000,3.000000,1.000000
1.493352,0.000000,0.666667,0.750000,0.250000,0.000000,1.000000,3.000000,1.000000
2.042690,0.000000,0.664286,1.000000,0.000000,1.000000,0.000000,3.000000,1.000000
3.911810,0.000000,0.661922,1.000000,0.000000,0.000000,0.000000,3.000000,1.000000
0.000000,1.172378,0.663121,0.666667,0.333333,0.000000,1.000000,3.000000,1.000000
0.000000,3.081046,0.664311,0.500000,0.500000,0.000000,0.000000,3.000000,1.000000
0.000000,2.763568,0.665493,0.400000,0.600000,0.000000,0.000000,3.000000,1.000000
0.000000,2.382196,0.666667,0.333333,0.666667,0.000000,0.000000,3.000000,1.000000
0.000000,4.131229,0.667832,0.285714,0.714286,0.000000,0.000000,3.000000,1.000000
4.985324,0.000000,0.665505,0.375000,0.625000,0.000000,1.000000,3.000000,1.000000
2.785012,0.000000,0.663194,0.444444,0.555556,0.000000,0.000000,3.000000,1.000000
0.000000,3.668272,0.664360,0.400000,0.600000,0.000000,1.000000,3.000000,1.000000
0.000000,2.236031,0.665517,0.363636,0.636364,0.000000,0.000000,3.000000,1.000000
0.000000,1.589616,0.666667,0.333333,0.666667,0.000000,0.000000,3.000000,1.000000
0.000000,3.770235,0.667808,0.307692,0.692308,0.000000,0.000000,3.000000,1.000000
0.000000,2.911158,0.668942,0.285714,0.714286,0.000000,0.000000,3.000000,1.000000
0.000000,3.369752,0.670068,0.266667,0.733333,0.000000,0.000000,3.000000,1.000000
0.000000,4.619223,0.671186,0.250000,0.750000,0.000000,0.000000,3.000000,1.000000
1.132327,0.000000,0.668919,0.294118,0.705882,0.000000,1.000000,3.000000,1.000000
2.041278,0.000000,0.666667,0.333333,0.666667,0.000000,0.000000,3.000000,1.000000
0.000000,2.414709,0.667785,0.315789,0.684211,0.000000,1.000000,3.000000,1.000000
0.000000,1.863173,0.668896,0.300000,0.700000,0.000000,0.000000,3.000000,1.000000
2.668230,0.000000,0.666667,0.333333,0.666667,0.000000,1.000000,3.000000,1.000000
0.000000,1.465461,0.667774,0.318182,0.681818,0.000000,1.000000,3.000000,1.000000
0.000000,1.537781,0.668874,0.304348,0.695652,0.000000,0.000000,3.000000,1.000000
0.000000,3.727723,0.669967,0.291667,0.708333,0.000000,0.000000,3.000000,1.000000
3.153104,0.000000,0.667763,0.320000,0.680000,0.000000,1.000000,3.000000,1.000000
0.000000,2.160875,0.668852,0.307692,0.692308,0.000000,1.000000,3.000000,1.000000
0.000000,2.871393,0.669935,0.296296,0.703704,0.000000,0.000000,3.000000,1.000000
0.000000,3.621965,0.671010,0.285714,0.714286,0.000000,0.000000,3.000000,1.000000
0.000000,6.745718,0.672078,0.275862,0.724138,0.000000,0.000000,3.000000,1.000000
0.000000,4.099748,0.673139,0.266667,0.733333,0.000000,0.000000,3.000000,1.000000
2.550005,0.000000,0.674194,1.000000,0.000000,1.000000,1.000000,3.000000,1.000000
0.000000,2.145374,0.672026,0.500000,0.500000,0.000000,1.000000,3.000000,1.000000
1.455336,0.000000,0.673077,0.666667,0.333333,0.000000,1.000000,3.000000,1.000000
3.482912,0.000000,0.674121,0.750000,0.250000,0.000000,0.000000,3.000000,1.000000
2.574662,0.000000,0.675159,0.800000,0.200000,0.000000,0.000000,3.000000,1.000000
3.150628,0.000000,0.676190,0.833333,0.166667,0.000000,0.000000,3.000000,1.000000
0.000000,2.596447,0.674051,0.714286,0.285714,0.000000,1.000000,3.000000,1.000000
2.618417,0.000000,0.675079,0.750000,0.250000,0.000000,1.000000,3.000000,1.000000
1.875694,0.000000,0.676101,0.777778,0.222222,0.000000,0.000000,3.000000,1.000000
0.000000,4.370993,0.673981,0.700000,0.300000,0.000000,1.000000,3.000000,1.000000
1.779205,0.000000,0.675000,0.727273,0.272727,0.000000,1.000000,3.000000,1.000000
0.000000,3.148685,0.672897,0.666667,0.333333,0.000000,1.000000,3.000000,1.000000
3.454448,0.000000,0.673913,0.692308,0.307692,0.000000,1.000000,3.000000,1.000000
1.631783,0.000000,0.674923,0.714286,0.285714,0.000000,0.000000,3.000000,1.000000
2.217466,0.000000,0.675926,0.733333,0.266667,0.000000,0.000000,3.000000,1.000000
3.956059,0.000000,0.676923,0.750000,0.250000,0.000000,0.000000,3.000000,1.000000
0.000000,3.708043,0.674847,0.705882,0.294118,0.000000,1.000000,3.000000,1.000000
2.620652,0.000000,0.675841,0.722222,0.277778,0.000000,1.000000,3.000000,1.000000
0.000000,3.738232,0.673780,0.684211,0.315789,0.000000,1.000000,3.000000,1.000000
0.000000,2.761595,0.671733,0.650000,0.350000,0.000000,0.000000,3.000000,1.000000
2.895733,0.000000,0.672727,0.666667,0.333333,0.000000,1.000000,3.000000,1.000000
0.000000,2.798502,0.673716,0.000000,1.000000,1.000000,1.000000,3.000000,1.000000
1.610916,0.000000,0.671687,0.500000,0.500000,0.000000,1.000000,3.000000,1.000000
2.624501,0.000000,0.669670,0.666667,0.333333,0.000000,0.000000,3.000000,1.000000
1.329362,0.000000,0.667665,0.750000,0.250000,0.000000,0.000000,3.000000,1.000000
0.000000,2.147894,0.668657,0.600000,0.400000,0.000000,1.000000,3.000000,1.000000
0.000000,4.147905,0.669643,0.500000,0.500000,0.000000,0.000000,3.000000,1.000000
0.127594,0.000000,0.667656,0.571429,0.428571,0.000000,1.000000,3.000000,1.000000
2.207480,0.000000,0.665680,0.625000,0.375000,0.000000,0.000000,3.000000,1.000000
2.169144,0.000000,0.663717,0.666667,0.333333,0.000000,0.000000,3.000000,1.000000
0.000000,3.380780,0.664706,0.600000,0.400000,0.000000,1.000000,3.000000,1.000000
0.000000,2.601021,0.665689,0.545455,0.454545,0.000000,0.000000,3.000000,1.000000
0.000000,3.007996,0.666667,0.500000,0.500000,0.000000,0.000000,3.000000,1.000000
4.173205,0.000000,0.664723,0.538462,0.461538,0.000000,1.000000,3.000000,1.000000
2.624162,0.000000,0.662791,0.571429,0.428571,0.000000,0.000000,3.000000,1.000000
2.157486,0.000000,0.660870,0.600000,0.400000,0.000000,0.000000,3.000000,1.000000
0.000000,1.015567,0.661850,0.562500,0.437500,0.000000,1.000000,3.000000,1.000000
0.000000,3.254176,0.662824,0.529412,0.470588,0.000000,0.000000,3.000000,1.000000
0.000000,2.380795,0.663793,0.500000,0.500000,0.000000,0.000000,3.000000,1.000000
0.000000,1.688387,0.664756,0.473684,0.526316,0.000000,0.000000,3.000000,1.000000
0.000000,4.014498,0.665714,0.450000,0.550000,0.000000,0.000000,3.000000,1.000000
1.772910,0.000000,0.663818,0.476190,0.523810,0.000000,1.000000,3.000000,1.000000
0.000000,3.487905,0.664773,0.454545,0.545455,0.000000,1.000000,3.000000,1.000000
0.000000,3.096624,0.665722,0.434783,0.565217,0.000000,0.000000,3.000000,1.000000
0.000000,2.530433,0.666667,0.416667,0.583333,0.000000,0.000000,3.000000,1.000000
0.000000,1.752292,0.667606,0.400000,0.600000,0.000000,0.000000,3.000000,1.000000
0.000000,2.697978,0.668539,0.384615,0.615385,0.000000,0.000000,3.000000,1.000000
0.000000,3.953238,0.669468,0.370370,0.629630,0.000000,0.000000,3.000000,1.000000
0.000000,2.361789,0.670391,0.357143,0.642857,0.000000,0.000000,3.000000,1.000000
0.000000,5.318311,0.668524,0.000000,1.000000,1.000000,0.000000,3.000000,1.000000
3.344742,0.000000,0.669444,0.500000,0.500000,0.000000,1.000000,3.000000,1.000000
3.647147,0.000000,0.670360,0.666667,0.333333,0.000000,0.000000,3.000000,1.000000
2.571982,0.000000,0.671271,0.750000,0.250000,0.000000,0.000000,3.000000,1.000000
0.000000,3.628548,0.669421,0.600000,0.400000,0.000000,1.000000,3.000000,1.000000
2.440724,0.000000,0.670330,0.666667,0.333333,0.000000,1.000000,3.000000,1.000000
0.000000,3.716708,0.668493,0.571429,0.428571,0.000000,1.000000,3.000000,1.000000
2.256162,0.000000,0.669399,0.625000,0.375000,0.000000,1.000000,3.000000,1.000000
2.537330,0.000000,0.670300,0.666667,0.333333,0.000000,0.000000,3.000000,1.000000
0.000000,3.903593,0.668478,0.600000,0.400000,0.000000,1.000000,3.000000,1.000000
3.230628,0.000000,0.669377,0.636364,0.363636,0.000000,1.000000,3.000000,1.000000
3.766823,0.000000,0.670270,0.666667,0.333333,0.000000,0.000000,3.000000,1.000000
0.000000,3.828516,0.668464,0.615385,0.384615,0.000000,1.000000,3.000000,1.000000
2.643594,0.000000,0.669355,0.642857,0.357143,0.000000,1.000000,3.000000,1.000000
3.413541,0.000000,0.670241,0.666667,0.333333,0.000000,0.000000,3.000000,1.000000
3.953445,0.000000,0.671123,0.687500,0.312500,0.000000,0.000000,3.000000,1.000000
2.878853,0.000000,0.672000,0.705882,0.294118,0.000000,0.000000,3.000000,1.000000
3.550809,0.000000,0.672872,0.722222,0.277778,0.000000,0.000000,3.000000,1.000000
3.937117,0.000000,0.673740,0.736842,0.263158,0.000000,0.000000,3.000000,1.000000
4.234908,0.000000,0.674603,0.750000,0.250000,0.000000,0.000000,3.000000,1.000000
2.577540,0.000000,0.675462,0.761905,0.238095,0.000000,0.000000,3.000000,1.000000
3.504338,0.000000,0.676316,0.772727,0.227273,0.000000,0.000000,3.000000,1.000000
2.875106,0.000000,0.677165,0.782609,0.217391,0.000000,0.000000,3.000000,1.000000
2.350476,0.000000,0.678010,0.791667,0.208333,0.000000,0.000000,3.000000,1.000000
0.000000,2.505719,0.676240,0.760000,0.240000,0.000000,1.000000,3.000000,1.000000
3.455349,0.000000,0.677083,0.769231,0.230769,0.000000,1.000000,3.000000,1.000000
2.674581,0.000000,0.677922,0.777778,0.222222,0.000000,0.000000,3.000000,1.000000
3.101454,0.000000,0.678756,0.785714,0.214286,0.000000,0.000000,3.000000,1.000000
3.699084,0.000000,0.679587,0.793103,0.206897,0.000000,0.000000,3.000000,1.000000
2.672188,0.000000,0.680412,0.800000,0.200000,0.000000,0.000000,3.000000,1.000000
3.801431,0.000000,0.681234,0.806452,0.193548,0.000000,0.000000,3.000000,1.000000
0.000000,4.108683,0.679487,0.781250,0.218750,0.000000,1.000000,3.000000,1.000000
2.902491,0.000000,0.680307,0.787879,0.212121,0.000000,1.000000,3.000000,1.000000
4.737981,0.000000,0.681122,0.794118,0.205882,0.000000,0.000000,3.000000,1.000000
0.000000,2.215386,0.681934,0.000000,1.000000,1.000000,1.000000,3.000000,1.000000
2.458882,0.000000,0.680203,0.500000,0.500000,0.000000,1.000000,3.000000,1.000000
0.000000,2.394136,0.681013,0.333333,0.666667,0.000000,1.000000,3.000000,1.000000
0.000000,4.086922,0.681818,0.250000,0.750000,0.000000,0.000000,3.000000,1.000000
0.000000,2.001240,0.682620,0.200000,0.800000,0.000000,0.000000,3.000000,1.000000
4.230583,0.000000,0.680905,0.333333,0.666667,0.000000,1.000000,3.000000,1.000000
0.000000,3.218226,0.681704,0.285714,0.714286,0.000000,1.000000,3.000000,1.000000
0.000000,2.796694,0.682500,0.250000,0.750000,0.000000,0.000000,3.000000,1.000000
3.649203,0.000000,0.680798,0.333333,0.666667,0.000000,1.000000,3.000000,1.000000
0.000000,1.728954,0.681592,0.300000,0.700000,0.000000,1.000000,3.000000,1.000000
0.000000,2.159265,0.682382,0.272727,0.727273,0.000000,0.000000,3.000000,1.000000
2.506806,0.000000,0.680693,0.333333,0.666667,0.000000,1.000000,3.000000,1.000000
0.000000,2.372331,0.681481,0.307692,0.692308,0.000000,1.000000,3.000000,1.000000
0.000000,3.651343,0.682266,0.285714,0.714286,0.000000,0.000000,3.000000,1.000000
0.000000,3.619383,0.683047,0.266667,0.733333,0.000000,0.000000,3.000000,1.000000
0.000000,3.846535,0.683824,0.250000,0.750000,0.000000,0.000000,3.000000,1.000000
0.000000,2.729849,0.684597,0.235294,0.764706,0.000000,0.000000,3.000000,1.000000
0.000000,3.184942,0.685366,0.222222,0.777778,0.000000,0.000000,3.000000,1.000000
0.000000,3.267094,0.686131,0.210526,0.789474,0.000000,0.000000,3.000000,1.000000
0.000000,2.671042,0.686893,0.200000,0.800000,0.000000,0.000000,3.000000,1.000000
0.000000,3.895498,0.687651,0.190476,0.809524,0.000000,0.000000,3.000000,1.000000
0.000000,0.819982,0.688406,0.181818,0.818182,0.000000,0.000000,3.000000,1.000000
0.000000,4.650410,0.689157,0.173913,0.826087,0.000000,0.000000,3.000000,1.000000
0.000000,3.883998,0.687500,0.000000,1.000000,1.000000,0.000000,3.000000,1.000000
1.054805,0.000000,0.688249,0.500000,0.500000,0.000000,1.000000,3.000000,1.000000
3.756215,0.000000,0.688995,0.666667,0.333333,0.000000,0.000000,3.000000,1.000000
1.964839,0.000000,0.689737,0.750000,0.250000,0.000000,0.000000,3.000000,1.000000
2.722049,0.000000,0.690476,0.800000,0.200000,0.000000,0.000000,3.000000,1.000000
3.742127,0.000000,0.691211,0.833333,0.166667,0.000000,0.000000,3.000000,1.000000
0.000000,4.577687,0.689573,0.714286,0.285714,0.000000,1.000000,3.000000,1.000000
2.216096,0.000000,0.690307,0.750000,0.250000,0.000000,1.000000,3.000000,1.000000
0.000000,1.675512,0.688679,0.666667,0.333333,0.000000,1.000000,3.000000,1.000000
0.000000,1.282480,0.687059,0.600000,0.400000,0.000000,0.000000,3.000000,1.000000
2.578115,0.000000,0.687793,0.636364,0.363636,0.000000,1.000000,3.000000,1.000000
0.000000,1.161119,0.686183,0.583333,0.416667,0.000000,1.000000,3.000000,1.000000
1.406969,0.000000,0.686916,0.615385,0.384615,0.000000,1.000000,3.000000,1.000000
3.761894,0.000000,0.687646,0.642857,0.357143,0.000000,0.000000,3.000000,1.000000
0.000000,1.372548,0.686047,0.600000,0.400000,0.000000,1.000000,3.000000,1.000000
3.545205,0.000000,0.686775,0.625000,0.375000,0.000000,1.000000,3.000000,1.000000
4.079267,0.000000,0.687500,0.647059,0.352941,0.000000,0.000000,3.000000,1.000000
2.391661,0.000000,0.688222,0.666667,0.333333,0.000000,0.000000,3.000000,1.000000
2.141649,0.000000,0.688940,0.684211,0.315789,0.000000,0.000000,3.000000,1.000000
0.000000,3.400213,0.687356,0.650000,0.350000,0.000000,1.000000,3.000000,1.000000
0.000000,2.424729,0.685780,0.619048,0.380952,0.000000,0.000000,3.000000,1.000000
5.723486,0.000000,0.686499,0.636364,0.363636,0.000000,1.000000,3.000000,1.000000
3.814290,0.000000,0.687215,0.652174,0.347826,0.000000,0.000000,3.000000,1.000000
1.665254,0.000000,0.687927,0.666667,0.333333,0.000000,0.000000,3.000000,1.000000
0.000000,3.334487,0.686364,0.640000,0.360000,0.000000,1.000000,3.000000,1.000000
1.454774,0.000000,0.687075,0.653846,0.346154,0.000000,1.000000,3.000000,1.000000
0.870746,0.000000,0.687783,0.666667,0.333333,0.000000,0.000000,3.000000,1.000000
2.925294,0.000000,0.688488,0.678571,0.321429,0.000000,0.000000,3.000000,1.000000
0.000000,2.073219,0.686937,0.655172,0.344828,0.000000,1.000000,3.000000,1.000000
2.547294,0.000000,0.687640,0.666667,0.333333,0.000000,1.000000,3.000000,1.000000
1.886594,0.000000,0.688341,0.677419,0.322581,0.000000,0.000000,3.000000,1.000000
3.292415,0.000000,0.689038,0.687500,0.312500,0.000000,0.000000,3.000000,1.000000
0.000000,1.463822,0.687500,0.666667,0.333333,0.000000,1.000000,3.000000,1.000000
2.109526,0.000000,0.688196,0.676471,0.323529,0.000000,1.000000,3.000000,1.000000
2.020862,0.000000,0.688889,0.685714,0.314286,0.000000,0.000000,3.000000,1.000000
0.000000,2.289261,0.689579,0.000000,1.000000,1.000000,1.000000,3.000000,1.000000
0.000000,4.377251,0.690265,0.000000,1.000000,0.000000,0.000000,3.000000,1.000000
0.000000,2.091467,0.690949,0.000000,1.000000,0.000000,0.000000,3.000000,1.000000
0.000000,4.595993,0.691630,0.000000,1.000000,0.000000,0.000000,3.000000,1.000000
0.000000,2.415612,0.692308,0.000000,1.000000,0.000000,0.000000,3.000000,1.000000
0.000000,2.006418,0.692982,0.000000,1.000000,0.000000,0.000000,3.000000,1.000000
3.747894,0.000000,0.691466,0.142857,0.857143,0.000000,1.000000,3.000000,1.000000
2.105174,0.000000,0.689956,0.250000,0.750000,0.000000,0.000000,3.000000,1.000000
0.000000,3.936013,0.690632,0.222222,0.777778,0.000000,1.000000,3.000000,1.000000
0.000000,3.706853,0.691304,0.200000,0.800000,0.000000,0.000000,3.000000,1.000000
1.695659,0.000000,0.689805,0.272727,0.727273,0.000000,1.000000,3.000000,1.000000
3.195369,0.000000,0.688312,0.333333,0.666667,0.000000,0.000000,3.000000,1.000000
0.000000,3.598666,0.688985,0.307692,0.692308,0.000000,1.000000,3.000000,1.000000
0.000000,1.477730,0.689655,0.285714,0.714286,0.000000,0.000000,3.000000,1.000000
0.000000,4.426227,0.690323,0.266667,0.733333,0.000000,0.000000,3.000000,1.000000
0.000000,3.620855,0.690987,0.250000,0.750000,0.000000,0.000000,3.000000,1.000000
0.000000,2.375545,0.691649,0.235294,0.764706,0.000000,0.000000,3.000000,1.000000
0.000000,2.583777,0.692308,0.222222,0.777778,0.000000,0.000000,3.000000,1.000000
0.000000,4.222062,0.692964,0.210526,0.789474,0.000000,0.000000,3.000000,1.000000
0.000000,3.473146,0.693617,0.200000,0.800000,0.000000,0.000000,3.000000,1.000000
0.000000,2.069716,0.694268,0.190476,0.809524,0.000000,0.000000,3.000000,1.000000
3.111167,0.000000,0.692797,0.227273,0.772727,0.000000,1.000000,3.000000,1.000000
0.000000,2.517954,0.693446,0.217391,0.782609,0.000000,1.000000,3.000000,1.000000
0.000000,2.425727,0.694093,0.208333,0.791667,0.000000,0.000000,3.000000,1.000000
0.000000,1.865995,0.694737,0.200000,0.800000,0.000000,0.000000,3.000000,1.000000
0.000000,2.031873,0.695378,0.192308,0.807692,0.000000,0.000000,3.000000,1.000000
0.000000,2.082998,0.696017,0.185185,0.814815,0.000000,0.000000,3.000000,1.000000
0.000000,3.263575,0.696653,0.178571,0.821429,0.000000,0.000000,3.000000,1.000000
0.000000,3.571269,0.697286,0.172414,0.827586,0.000000,0.000000,3.000000,1.000000
0.000000,4.013969,0.697917,0.166667,0.833333,0.000000,0.000000,3.000000,1.000000
1.495678,0.000000,0.698545,1.000000,0.000000,1.000000,1.000000,3.000000,1.000000
3.109506,0.000000,0.699170,1.000000,0.000000,0.000000,0.000000,3.000000,1.000000
0.000000,4.321147,0.697723,0.666667,0.333333,0.000000,1.000000,3.000000,1.000000
3.004597,0.000000,0.698347,0.750000,0.250000,0.000000,1.000000,3.000000,1.000000
0.000000,2.023760,0.696907,0.600000,0.400000,0.000000,1.000000,3.000000,1.000000
3.037561,0.000000,0.697531,0.666667,0.333333,0.000000,1.000000,3.000000,1.000000
4.396949,0.000000,0.698152,0.714286,0.285714,0.000000,0.000000,3.000000,1.000000
2.846640,0.000000,0.698770,0.750000,0.250000,0.000000,0.000000,3.000000,1.000000
0.000000,3.249557,0.697342,0.666667,0.333333,0.000000,1.000000,3.000000,1.000000
3.197957,0.000000,0.697959,0.700000,0.300000,0.000000,1.000000,3.000000,1.000000
0.000000,3.392504,0.696538,0.636364,0.363636,0.000000,1.000000,3.000000,1.000000
2.823978,0.000000,0.697154,0.666667,0.333333,0.000000,1.000000,3.000000,1.000000
3.026109,0.000000,0.697769,0.692308,0.307692,0.000000,0.000000,3.000000,1.000000
3.658741,0.000000,0.698381,0.714286,0.285714,0.000000,0.000000,3.000000,1.000000
2.851538,0.000000,0.698990,0.733333,0.266667,0.000000,0.000000,3.000000,1.000000
0.000000,2.402431,0.697581,0.687500,0.312500,0.000000,1.000000,3.000000,1.000000
4.470503,0.000000,0.698189,0.705882,0.294118,0.000000,1.000000,3.000000,1.000000
0.000000,3.116693,0.696787,0.666667,0.333333,0.000000,1.000000,3.000000,1.000000
0.000000,3.761617,0.695391,0.631579,0.368421,0.000000,0.000000,3.000000,1.000000
1.873799,0.000000,0.696000,0.650000,0.350000,0.000000,1.000000,3.000000,1.000000
0.000000,3.046973,0.694611,0.619048,0.380952,0.000000,1.000000,3.000000,1.000000
5.108795,0.000000,0.695219,0.636364,0.363636,0.000000,1.000000,3.000000,1.000000
0.000000,2.861093,0.693837,0.608696,0.391304,0.000000,1.000000,3.000000,1.000000
0.000000,2.442223,0.692460,0.583333,0.416667,0.000000,0.000000,3.000000,1.000000
1.847914,0.000000,0.693069,0.600000,0.400000,0.000000,1.000000,3.000000,1.000000
1.513356,0.000000,0.693676,0.615385,0.384615,0.000000,0.000000,3.000000,1.000000
3.070902,0.000000,0.694280,0.629630,0.370370,0.000000,0.000000,3.000000,1.000000
0.000000,2.137680,0.694882,0.000000,1.000000,1.000000,1.000000,3.000000,1.000000
3.458436,0.000000,0.693517,0.500000,0.500000,0.000000,1.000000,3.000000,1.000000
2.593386,0.000000,0.692157,0.666667,0.333333,0.000000,0.000000,3.000000,1.000000
1.664138,0.000000,0.690802,0.750000,0.250000,0.000000,0.000000,3.000000,1.000000
0.000000,2.875677,0.691406,0.600000,0.400000,0.000000,1.000000,3.000000,1.000000
0.000000,2.135593,0.692008,0.500000,0.500000,0.000000,0.000000,3.000000,1.000000
0.000000,2.628834,0.692607,0.428571,0.571429,0.000000,0.000000,3.000000,1.000000
2.734914,0.000000,0.691262,0.500000,0.500000,0.000000,1.000000,3.000000,1.000000
0.000000,1.832043,0.691860,0.444444,0.555556,0.000000,1.000000,3.000000,1.000000
2.815680,0.000000,0.690522,0.500000,0.500000,0.000000,1.000000,3.000000,1.000000
0.000000,3.753690,0.691120,0.454545,0.545455,0.000000,1.000000,3.000000,1.000000
4.213835,0.000000,0.689788,0.500000,0.500000,0.000000,1.000000,3.000000,1.000000
0.000000,3.552442,0.690385,0.461538,0.538462,0.000000,1.000000,3.000000,1.000000
0.000000,2.827779,0.690979,0.428571,0.571429,0.000000,0.000000,3.000000,1.000000
0.000000,2.873050,0.691571,0.400000,0.600000,0.000000,0.000000,3.000000,1.000000
0.000000,3.243148,0.692161,0.375000,0.625000,0.000000,0.000000,3.000000,1.000000
2.120361,0.000000,0.690840,0.411765,0.588235,0.000000,1.000000,3.000000,1.000000
0.000000,2.800565,0.691429,0.388889,0.611111,0.000000,1.000000,3.000000,1.000000
0.000000,3.844734,0.692015,0.368421,0.631579,0.000000,0.000000,3.000000,1.000000
0.000000,3.972922,0.692600,0.350000,0.650000,0.000000,0.000000,3.000000,1.000000
0.000000,5.018857,0.693182,0.333333,0.666667,0.000000,0.000000,3.000000,1.000000
0.000000,2.371711,0.693762,0.318182,0.681818,0.000000,0.000000,3.000000,1.000000
4.145984,0.000000,0.692453,0.347826,0.652174,0.000000,1.000000,3.000000,1.000000
0.000000,4.433198,0.693032,0.333333,0.666667,0.000000,1.000000,3.000000,1.000000
0.000000,1.918380,0.693609,0.320000,0.680000,0.000000,0.000000,3.000000,1.000000
1.433283,0.000000,0.694184,1.000000,0.000000,1.000000,1.000000,3.000000,1.000000
4.472418,0.000000,0.694757,1.000000,0.000000,0.000000,0.000000,3.000000,1.000000
0.000000,2.759766,0.693458,0.666667,0.333333,0.000000,1.000000,3.000000,1.000000
4.020225,0.000000,0.694030,0.750000,0.250000,0.000000,1.000000,3.000000,1.000000
0.000000,2.933019,0.692737,0.600000,0.400000,0.000000,1.000000,3.000000,1.000000
3.637036,0.000000,0.693309,0.666667,0.333333,0.000000,1.000000,3.000000,1.000000
4.648052,0.000000,0.693878,0.714286,0.285714,0.000000,0.000000,3.000000,1.000000
0.000000,2.727949,0.692593,0.625000,0.375000,0.000000,1.000000,3.000000,1.000000
2.620997,0.000000,0.693161,0.666667,0.333333,0.000000,1.000000,3.000000,1.000000
3.794365,0.000000,0.693727,0.700000,0.300000,0.000000,0.000000,3.000000,1.000000
3.587586,0.000000,0.694291,0.727273,0.272727,0.000000,0.000000,3.000000,1.000000
2.969729,0.000000,0.694853,0.750000,0.250000,0.000000,0.000000,3.000000,1.000000
0.000000,3.464048,0.693578,0.692308,0.307692,0.000000,1.000000,3.000000,1.000000
3.293464,0.000000,0.694139,0.714286,0.285714,0.000000,1.000000,3.000000,1.000000
6.013531,0.000000,0.694698,0.733333,0.266667,0.000000,0.000000,3.000000,1.000000
3.347759,0.000000,0.695255,0.750000,0.250000,0.000000,0.000000,3.000000,1.000000
0.000000,1.378513,0.693989,0.705882,0.294118,0.000000,1.000000,3.000000,1.000000
0.000000,3.730712,0.692727,0.666667,0.333333,0.000000,0.000000,3.000000,1.000000
1.650857,0.000000,0.693285,0.684211,0.315789,0.000000,1.000000,3.000000,1.000000
0.000000,1.898806,0.692029,0.650000,0.350000,0.000000,1.000000,3.000000,1.000000
4.329029,0.000000,0.692586,0.666667,0.333333,0.000000,1.000000,3.000000,1.000000
3.210772,0.000000,0.693141,0.681818,0.318182,0.000000,0.000000,3.000000,1.000000
0.000000,3.706853,0.691892,0.652174,0.347826,0.000000,1.000000,3.000000,1.000000
2.620994,0.000000,0.692446,0.666667,0.333333,0.000000,1.000000,3.000000,1.000000
2.213320,0.000000,0.692998,0.680000,0.320000,0.000000,0.000000,3.000000,1.000000
1.471931,0.000000,0.693548,0.692308,0.307692,0.000000,0.000000,3.000000,1.000000
2.853559,0.000000,0.694097,0.703704,0.296296,0.000000,0.000000,3.000000,1.000000
2.433182,0.000000,0.694643,0.714286,0.285714,0.000000,0.000000,3.000000,1.000000
2.934902,0.000000,0.695187,0.724138,0.275862,0.000000,0.000000,3.000000,1.000000
2.720223,0.000000,0.695730,0.733333,0.266667,0.000000,0.000000,3.000000,1.000000
2.436501,0.000000,0.696270,0.741935,0.258065,0.000000,0.000000,3.000000,1.000000
2.886123,0.000000,0.696809,0.750000,0.250000,0.000000,0.000000,3.000000,1.000000
3.331131,0.000000,0.697345,0.757576,0.242424,0.000000,0.000000,3.000000,1.000000
3.868086,0.000000,0.697880,0.764706,0.235294,0.000000,0.000000,3.000000,1.000000
0.000000,2.693155,0.696649,0.742857,0.257143,0.000000,1.000000,3.000000,1.000000
0.000000,1.726369,0.697183,0.000000,1.000000,1.000000,0.000000,3.000000,1.000000
0.000000,1.321670,0.697715,0.000000,1.000000,0.000000,0.000000,3.000000,1.000000
0.000000,3.508200,0.698246,0.000000,1.000000,0.000000,0.000000,3.000000,1.000000
0.000000,3.353904,0.698774,0.000000,1.000000,0.000000,0.000000,3.000000,1.000000
0.000000,4.583367,0.699301,0.000000,1.000000,0.000000,0.000000,3.000000,1.000000
3.182904,0.000000,0.698080,0.166667,0.833333,0.000000,1.000000,3.000000,1.000000
1.666480,0.000000,0.696864,0.285714,0.714286,0.000000,0.000000,3.000000,1.000000
5.008265,0.000000,0.695652,0.375000,0.625000,0.000000,0.000000,3.000000,1.000000
3.290244,0.000000,0.694444,0.444444,0.555556,0.000000,0.000000,3.000000,1.000000
0.000000,1.370787,0.694974,0.400000,0.600000,0.000000,1.000000,3.000000,1.000000
0.000000,2.914390,0.695502,0.363636,0.636364,0.000000,0.000000,3.000000,1.000000
0.517988,0.000000,0.694301,0.416667,0.583333,0.000000,1.000000,3.000000,1.000000
0.000000,2.139492,0.694828,0.384615,0.615385,0.000000,1.000000,3.000000,1.000000
3.751101,0.000000,0.693632,0.428571,0.571429,0.000000,1.000000,3.000000,1.000000
4.156486,0.000000,0.692440,0.466667,0.533333,0.000000,0.000000,3.000000,1.000000
0.000000,5.139036,0.692967,0.437500,0.562500,0.000000,1.000000,3.000000,1.000000
3.673259,0.000000,0.691781,0.470588,0.529412,0.000000,1.000000,3.000000,1.000000
0.000000,4.139759,0.692308,0.444444,0.555556,0.000000,1.000000,3.000000,1.000000
0.000000,4.586368,0.692833,0.421053,0.578947,0.000000,0.000000,3.000000,1.000000
0.000000,3.675248,0.693356,0.400000,0.600000,0.000000,0.000000,3.000000,1.000000
1.772657,0.000000,0.692177,0.428571,0.571429,0.000000,1.000000,3.000000,1.000000
0.000000,1.944658,0.692699,0.409091,0.590909,0.000000,1.000000,3.000000,1.000000
0.000000,3.314977,0.693220,0.391304,0.608696,0.000000,0.000000,3.000000,1.000000
0.000000,3.811198,0.693739,0.375000,0.625000,0.000000,0.000000,3.000000,1.000000
3.954681,0.000000,0.694257,1.000000,0.000000,1.000000,1.000000,3.000000,1.000000
2.191804,0.000000,0.694772,1.000000,0.000000,0.000000,0.000000,3.000000,1.000000
3.505259,0.000000,0.695286,1.000000,0.000000,0.000000,0.000000,3.000000,1.000000
2.267882,0.000000,0.695798,1.000000,0.000000,0.000000,0.000000,3.000000,1.000000
0.000000,4.188879,0.694631,0.800000,0.200000,0.000000,1.000000,3.000000,1.000000
2.354550,0.000000,0.695142,0.833333,0.166667,0.000000,1.000000,3.000000,1.000000
2.873288,0.000000,0.695652,0.857143,0.142857,0.000000,0.000000,3.000000,1.000000
3.548727,0.000000,0.696160,0.875000,0.125000,0.000000,0.000000,3.000000,1.000000
1.878720,0.000000,0.696667,0.888889,0.111111,0.000000,0.000000,3.000000,1.000000
0.000000,3.034657,0.695507,0.800000,0.200000,0.000000,1.000000,3.000000,1.000000
1.320790,0.000000,0.696013,0.818182,0.181818,0.000000,1.000000,3.000000,1.000000
3.954759,0.000000,0.696517,0.833333,0.166667,0.000000,0.000000,3.000000,1.000000
3.347434,0.000000,0.697020,0.846154,0.153846,0.000000,0.000000,3.000000,1.000000
2.807389,0.000000,0.697521,0.857143,0.142857,0.000000,0.000000,3.000000,1.000000
0.000000,2.630474,0.696370,0.800000,0.200000,0.000000,1.000000,3.000000,1.000000
3.197846,0.000000,0.696870,0.812500,0.187500,0.000000,1.000000,3.000000,1.000000
5.014222,0.000000,0.697368,0.823529,0.176471,0.000000,0.000000,3.000000,1.000000
3.718340,0.000000,0.697865,0.833333,0.166667,0.000000,0.000000,3.000000,1.000000
1.920237,0.000000,0.698361,0.842105,0.157895,0.000000,0.000000,3.000000,1.000000
3.069482,0.000000,0.698854,0.850000,0.150000,0.000000,0.000000,3.000000,1.000000
2.253372,0.000000,0.699346,0.857143,0.142857,0.000000,0.000000,3.000000,1.000000
1.992580,0.000000,0.699837,0.863636,0.136364,0.000000,0.000000,3.000000,1.000000
2.457478,0.000000,0.700326,0.869565,0.130435,0.000000,0.000000,3.000000,1.000000
1.299239,0.000000,0.700813,0.875000,0.125000,0.000000,0.000000,3.000000,1.000000
2.425841,0.000000,0.701299,0.880000,0.120000,0.000000,0.000000,3.000000,1.000000
3.776440,0.000000,0.701783,0.884615,0.115385,0.000000,0.000000,3.000000,1.000000
0.000000,3.447201,0.700647,0.851852,0.148148,0.000000,1.000000,3.000000,1.000000
3.896682,0.000000,0.701131,0.857143,0.142857,0.000000,1.000000,3.000000,1.000000
0.000000,2.441361,0.700000,0.827586,0.172414,0.000000,1.000000,3.000000,1.000000
3.052844,0.000000,0.700483,0.833333,0.166667,0.000000,1.000000,3.000000,1.000000
3.234158,0.000000,0.700965,0.838710,0.161290,0.000000,0.000000,3.000000,1.000000
-0.308662,0.000000,0.701445,0.812500,0.187500,0.000000,0.000000,3.000000,1.000000
0.000000,1.918229,0.701923,0.000000,1.000000,1.000000,1.000000,3.000000,1.000000
0.000000,4.544752,0.702400,0.000000,1.000000,0.000000,0.000000,3.000000,1.000000
0.000000,3.089399,0.702875,0.000000,1.000000,0.000000,0.000000,3.000000,1.000000
0.000000,2.406406,0.703349,0.000000,1.000000,0.000000,0.000000,3.000000,1.000000
0.000000,4.382184,0.703822,0.000000,1.000000,0.000000,0.000000,3.000000,1.000000
4.625487,0.000000,0.702703,0.166667,0.833333,0.000000,1.000000,3.000000,1.000000
0.000000,2.904050,0.703175,0.142857,0.857143,0.000000,1.000000,3.000000,1.000000
0.000000,0.729200,0.703645,0.125000,0.875000,0.000000,0.000000,3.000000,1.000000
0.000000,4.335013,0.704114,0.111111,0.888889,0.000000,0.000000,3.000000,1.000000
4.514320,0.000000,0.703002,0.200000,0.800000,0.000000,1.000000,3.000000,1.000000
0.000000,3.567680,0.703470,0.181818,0.818182,0.000000,1.000000,3.000000,1.000000
0.000000,3.135267,0.703937,0.166667,0.833333,0.000000,0.000000,3.000000,1.000000
0.000000,3.902728,0.704403,0.153846,0.846154,0.000000,0.000000,3.000000,1.000000
1.655019,0.000000,0.703297,0.214286,0.785714,0.000000,1.000000,3.000000,1.000000
0.000000,2.480645,0.703762,0.200000,0.800000,0.000000,1.000000,3.000000,1.000000
4.116316,0.000000,0.702660,0.250000,0.750000,0.000000,1.000000,3.000000,1.000000
0.000000,2.892359,0.703125,0.235294,0.764706,0.000000,1.000000,3.000000,1.000000
0.000000,2.839914,0.703588,0.222222,0.777778,0.000000,0.000000,3.000000,1.000000
2.728874,0.000000,0.702492,0.263158,0.736842,0.000000,1.000000,3.000000,1.000000
0.000000,2.257460,0.702955,0.250000,0.750000,0.000000,1.000000,3.000000,1.000000
0.000000,4.885001,0.703416,0.238095,0.761905,0.000000,0.000000,3.000000,1.000000
0.000000,2.696169,0.703876,0.227273,0.772727,0.000000,0.000000,3.000000,1.000000
2.083636,0.000000,0.702786,0.260870,0.739130,0.000000,1.000000,3.000000,1.000000
3.277018,0.000000,0.701700,0.291667,0.708333,0.000000,0.000000,3.000000,1.000000
2.049766,0.000000,0.700617,0.320000,0.680000,0.000000,0.000000,3.000000,1.000000
0.000000,3.581505,0.701079,0.307692,0.692308,0.000000,1.000000,3.000000,1.000000
3.894046,0.000000,0.700000,0.333333,0.666667,0.000000,1.000000,3.000000,1.000000
0.000000,0.735284,0.700461,0.321429,0.678571,0.000000,1.000000,3.000000,1.000000
4.206664,0.000000,0.699387,0.344828,0.655172,0.000000,1.000000,3.000000,1.000000
0.000000,2.249242,0.699847,0.333333,0.666667,0.000000,1.000000,3.000000,1.000000
0.000000,3.416320,0.700306,0.322581,0.677419,0.000000,0.000000,3.000000,1.000000
2.721611,0.000000,0.700763,1.000000,0.000000,1.000000,1.000000,3.000000,1.000000
3.518153,0.000000,0.701220,1.000000,0.000000,0.000000,0.000000,3.000000,1.000000
4.099642,0.000000,0.701674,1.000000,0.000000,0.000000,0.000000,3.000000,1.000000
3.414179,0.000000,0.702128,1.000000,0.000000,0.000000,0.000000,3.000000,1.000000
2.705342,0.000000,0.702580,1.000000,0.000000,0.000000,0.000000,3.000000,1.000000
1.986066,0.000000,0.703030,1.000000,0.000000,0.000000,0.000000,3.000000,1.000000
3.829196,0.000000,0.703480,1.000000,0.000000,0.000000,0.000000,3.000000,1.000000
2.778585,0.000000,0.703927,1.000000,0.000000,0.000000,0.000000,3.000000,1.000000
3.783949,0.000000,0.704374,1.000000,0.000000,0.000000,0.000000,3.000000,1.000000
4.207108,0.000000,0.704819,1.000000,0.000000,0.000000,0.000000,3.000000,1.000000
2.352579,0.000000,0.705263,1.000000,0.000000,0.000000,0.000000,3.000000,1.000000
1.798574,0.000000,0.705706,1.000000,0.000000,0.000000,0.000000,3.000000,1.000000
4.226837,0.000000,0.706147,1.000000,0.000000,0.000000,0.000000,3.000000,1.000000
3.148241,0.000000,0.706587,1.000000,0.000000,0.000000,0.000000,3.000000,1.000000
4.042231,0.000000,0.707025,1.000000,0.000000,0.000000,0.000000,3.000000,1.000000
2.926794,0.000000,0.707463,1.000000,0.000000,0.000000,0.000000,3.000000,1.000000
4.188644,0.000000,0.707899,1.000000,0.000000,0.000000,0.000000,3.000000,1.000000
0.000000,3.228914,0.706845,0.944444,0.055556,0.000000,1.000000,3.000000,1.000000
1.141464,0.000000,0.707281,0.947368,0.052632,0.000000,1.000000,3.000000,1.000000
0.000000,2.292607,0.706231,0.900000,0.100000,0.000000,1.000000,3.000000,1.000000
2.614796,0.000000,0.706667,0.904762,0.095238,0.000000,1.000000,3.000000,1.000000
4.505345,0.000000,0.707101,0.909091,0.090909,0.000000,0.000000,3.000000,1.000000
2.802673,0.000000,0.707533,0.913043,0.086957,0.000000,0.000000,3.000000,1.000000
3.449752,0.000000,0.707965,0.916667,0.083333,0.000000,0.000000,3.000000,1.000000
3.643619,0.000000,0.708395,0.920000,0.080000,0.000000,0.000000,3.000000,1.000000
0.000000,4.424749,0.707353,0.884615,0.115385,0.000000,1.000000,3.000000,1.000000
3.566751,0.000000,0.707783,0.888889,0.111111,0.000000,1.000000,3.000000,1.000000
4.329908,0.000000,0.708211,0.892857,0.107143,0.000000,0.000000,3.000000,1.000000
0.000000,3.533186,0.707174,0.862069,0.137931,0.000000,1.000000,3.000000,1.000000
2.598230,0.000000,0.707602,0.866667,0.133333,0.000000,1.000000,3.000000,1.000000
0.000000,2.050885,0.706569,0.838710,0.161290,0.000000,1.000000,3.000000,1.000000
0.000000,3.878794,0.705539,0.812500,0.187500,0.000000,0.000000,3.000000,1.000000
0.455705,0.000000,0.705968,0.818182,0.181818,0.000000,1.000000,3.000000,1.000000
2.555948,0.000000,0.706395,0.823529,0.176471,0.000000,0.000000,3.000000,1.000000
1.994388,0.000000,0.705370,1.000000,0.000000,1.000000,0.000000,3.000000,1.000000
0.000000,1.631279,0.705797,0.500000,0.500000,0.000000,1.000000,3.000000,1.000000
0.000000,4.895655,0.706223,0.333333,0.666667,0.000000,0.000000,3.000000,1.000000
0.000000,2.231061,0.706647,0.250000,0.750000,0.000000,0.000000,3.000000,1.000000
3.051754,0.000000,0.705628,0.400000,0.600000,0.000000,1.000000,3.000000,1.000000
0.000000,1.925363,0.706052,0.333333,0.666667,0.000000,1.000000,3.000000,1.000000
0.000000,2.884124,0.706475,0.285714,0.714286,0.000000,0.000000,3.000000,1.000000
0.000000,3.358117,0.706897,0.250000,0.750000,0.000000,0.000000,3.000000,1.000000
1.841253,0.000000,0.705882,0.333333,0.666667,0.000000,1.000000,3.000000,1.000000
0.000000,2.609616,0.706304,0.300000,0.700000,0.000000,1.000000,3.000000,1.000000
0.000000,3.393954,0.706724,0.272727,0.727273,0.000000,0.000000,3.000000,1.000000
0.000000,4.133476,0.707143,0.250000,0.750000,0.000000,0.000000,3.000000,1.000000
0.000000,3.513281,0.707561,0.230769,0.769231,0.000000,0.000000,3.000000,1.000000
0.000000,1.930723,0.707977,0.214286,0.785714,0.000000,0.000000,3.000000,1.000000
0.000000,2.237341,0.708393,0.200000,0.800000,0.000000,0.000000,3.000000,1.000000
0.000000,2.485368,0.708807,0.187500,0.812500,0.000000,0.000000,3.000000,1.000000
2.902748,0.000000,0.707801,0.235294,0.764706,0.000000,1.000000,3.000000,1.000000
3.590939,0.000000,0.706799,0.277778,0.722222,0.000000,0.000000,3.000000,1.000000
0.000000,3.344241,0.707214,0.263158,0.736842,0.000000,1.000000,3.000000,1.000000
0.000000,3.866327,0.707627,0.250000,0.750000,0.000000,0.000000,3.000000,1.000000
3.035698,0.000000,0.706629,0.285714,0.714286,0.000000,1.000000,3.000000,1.000000
3.580205,0.000000,0.705634,0.318182,0.681818,0.000000,0.000000,3.000000,1.000000
2.751922,0.000000,0.704641,0.347826,0.652174,0.000000,0.000000,3.000000,1.000000
0.000000,3.006984,0.705056,0.333333,0.666667,0.000000,1.000000,3.000000,1.000000
0.000000,3.810011,0.705470,0.320000,0.680000,0.000000,0.000000,3.000000,1.000000
2.709306,0.000000,0.705882,1.000000,0.000000,1.000000,1.000000,3.000000,1.000000
2.930946,0.000000,0.706294,1.000000,0.000000,0.000000,0.000000,3.000000,1.000000
3.238534,0.000000,0.706704,1.000000,0.000000,0.000000,0.000000,3.000000,1.000000
4.966779,0.000000,0.707113,1.000000,0.000000,0.000000,0.000000,3.000000,1.000000
0.583931,0.000000,0.707521,1.000000,0.000000,0.000000,0.000000,3.000000,1.000000
0.000000,3.954950,0.706537,0.833333,0.166667,0.000000,1.000000,3.000000,1.000000
2.508505,0.000000,0.706944,0.857143,0.142857,0.000000,1.000000,3.000000,1.000000
2.727104,0.000000,0.707351,0.875000,0.125000,0.000000,0.000000,3.000000,1.000000
0.000000,1.713656,0.706371,0.777778,0.222222,0.000000,1.000000,3.000000,1.000000
2.223946,0.000000,0.706777,0.800000,0.200000,0.000000,1.000000,3.000000,1.000000
4.709834,0.000000,0.707182,0.818182,0.181818,0.000000,0.000000,3.000000,1.000000
0.000000,2.824511,0.706207,0.750000,0.250000,0.000000,1.000000,3.000000,1.000000
3.875633,0.000000,0.706612,0.769231,0.230769,0.000000,1.000000,3.000000,1.000000
2.834849,0.000000,0.707015,0.785714,0.214286,0.000000,0.000000,3.000000,1.000000
3.812246,0.000000,0.707418,0.800000,0.200000,0.000000,0.000000,3.000000,1.000000
0.000000,0.849044,0.706447,0.750000,0.250000,0.000000,1.000000,3.000000,1.000000
0.000000,2.779528,0.705479,0.705882,0.294118,0.000000,0.000000,3.000000,1.000000
3.081483,0.000000,0.705882,0.722222,0.277778,0.000000,1.000000,3.000000,1.000000
0.000000,2.770388,0.704918,0.684211,0.315789,0.000000,1.000000,3.000000,1.000000
5.499483,0.000000,0.705321,0.700000,0.300000,0.000000,1.000000,3.000000,1.000000
0.000000,2.866142,0.704360,0.666667,0.333333,0.000000,1.000000,3.000000,1.000000
3.631518,0.000000,0.704762,0.681818,0.318182,0.000000,1.000000,3.000000,1.000000
1.733683,0.000000,0.705163,0.695652,0.304348,0.000000,0.000000,3.000000,1.000000
2.101937,0.000000,0.705563,0.708333,0.291667,0.000000,0.000000,3.000000,1.000000
0.000000,2.691186,0.704607,0.680000,0.320000,0.000000,1.000000,3.000000,1.000000
3.508476,0.000000,0.705007,0.692308,0.307692,0.000000,1.000000,3.000000,1.000000
3.099132,0.000000,0.705405,0.703704,0.296296,0.000000,0.000000,3.000000,1.000000
1.887695,0.000000,0.705803,0.714286,0.285714,0.000000,0.000000,3.000000,1.000000
0.000000,1.134171,0.704852,0.689655,0.310345,0.000000,1.000000,3.000000,1.000000
0.000000,4.062738,0.703903,0.666667,0.333333,0.000000,0.000000,3.000000,1.000000
3.205526,0.000000,0.704301,0.677419,0.322581,0.000000,1.000000,3.000000,1.000000
0.000000,1.739296,0.703356,0.656250,0.343750,0.000000,1.000000,3.000000,1.000000
2.494314,0.000000,0.703753,0.666667,0.333333,0.000000,1.000000,3.000000,1.000000
4.114492,0.000000,0.704150,0.676471,0.323529,0.000000,0.000000,3.000000,1.000000
3.344325,0.000000,0.704545,0.685714,0.314286,0.000000,0.000000,3.000000,1.000000
3.053218,0.000000,0.704940,0.694444,0.305556,0.000000,0.000000,3.000000,1.000000
4.744417,0.000000,0.705333,0.702703,0.297297,0.000000,0.000000,3.000000,1.000000
2.920526,0.000000,0.705726,0.710526,0.289474,0.000000,0.000000,3.000000,1.000000
2.878078,0.000000,0.706117,0.717949,0.282051,0.000000,0.000000,3.000000,1.000000
0.000000,2.142741,0.706507,0.000000,1.000000,1.000000,1.000000,3.000000,1.000000
0.000000,3.536452,0.706897,0.000000,1.000000,0.000000,0.000000,3.000000,1.000000
0.000000,2.877611,0.707285,0.000000,1.000000,0.000000,0.000000,3.000000,1.000000
3.514100,0.000000,0.706349,0.250000,0.750000,0.000000,1.000000,3.000000,1.000000
0.000000,3.336170,0.706737,0.200000,0.800000,0.000000,1.000000,3.000000,1.000000
0.000000,3.268946,0.707124,0.166667,0.833333,0.000000,0.000000,3.000000,1.000000
3.401980,0.000000,0.706192,0.285714,0.714286,0.000000,1.000000,3.000000,1.000000
0.000000,4.257362,0.706579,0.250000,0.750000,0.000000,1.000000,3.000000,1.000000
0.000000,2.775130,0.706965,0.222222,0.777778,0.000000,0.000000,3.000000,1.000000
0.000000,3.079115,0.707349,0.200000,0.800000,0.000000,0.000000,3.000000,1.000000
0.000000,4.096394,0.707733,0.181818,0.818182,0.000000,0.000000,3.000000,1.000000
0.000000,3.544479,0.708115,0.166667,0.833333,0.000000,0.000000,3.000000,1.000000
0.000000,3.505313,0.708497,0.153846,0.846154,0.000000,0.000000,3.000000,1.000000
0.000000,2.117420,0.708877,0.142857,0.857143,0.000000,0.000000,3.000000,1.000000
0.000000,2.982252,0.709257,0.133333,0.866667,0.000000,0.000000,3.000000,1.000000
0.000000,4.337414,0.709635,0.125000,0.875000,0.000000,0.000000,3.000000,1.000000
3.587195,0.000000,0.708713,0.176471,0.823529,0.000000,1.000000,3.000000,1.000000
0.000000,3.305204,0.709091,0.166667,0.833333,0.000000,1.000000,3.000000,1.000000
0.000000,3.542326,0.709468,0.157895,0.842105,0.000000,0.000000,3.000000,1.000000
0.000000,2.704904,0.709845,0.150000,0.850000,0.000000,0.000000,3.000000,1.000000
0.000000,2.454441,0.710220,0.142857,0.857143,0.000000,0.000000,3.000000,1.000000
3.967932,0.000000,0.709302,0.181818,0.818182,0.000000,1.000000,3.000000,1.000000
0.000000,4.424339,0.709677,0.173913,0.826087,0.000000,1.000000,3.000000,1.000000
0.000000,3.003541,0.710052,0.166667,0.833333,0.000000,0.000000,3.000000,1.000000
0.000000,1.663025,0.710425,0.160000,0.840000,0.000000,0.000000,3.000000,1.000000
0.000000,3.162438,0.710797,0.153846,0.846154,0.000000,0.000000,3.000000,1.000000
2.774951,0.000000,0.709884,0.185185,0.814815,0.000000,1.000000,3.000000,1.000000
0.000000,2.648535,0.708974,0.000000,1.000000,1.000000,1.000000,3.000000,1.000000
2.702291,0.000000,0.709347,0.500000,0.500000,0.000000,1.000000,3.000000,1.000000
3.549362,0.000000,0.709719,0.666667,0.333333,0.000000,0.000000,3.000000,1.000000
4.544828,0.000000,0.710089,0.750000,0.250000,0.000000,0.000000,3.000000,1.000000
2.727795,0.000000,0.710459,0.800000,0.200000,0.000000,0.000000,3.000000,1.000000
2.175044,0.000000,0.710828,0.833333,0.166667,0.000000,0.000000,3.000000,1.000000
3.947939,0.000000,0.711196,0.857143,0.142857,0.000000,0.000000,3.000000,1.000000
0.000000,3.115458,0.710292,0.750000,0.250000,0.000000,1.000000,3.000000,1.000000
2.779085,0.000000,0.710660,0.777778,0.222222,0.000000,1.000000,3.000000,1.000000
4.975457,0.000000,0.711027,0.800000,0.200000,0.000000,0.000000,3.000000,1.000000
2.715491,0.000000,0.711392,0.818182,0.181818,0.000000,0.000000,3.000000,1.000000
4.355667,0.000000,0.711757,0.833333,0.166667,0.000000,0.000000,3.000000,1.000000
2.830070,0.000000,0.712121,0.846154,0.153846,0.000000,0.000000,3.000000,1.000000
3.610587,0.000000,0.712484,0.857143,0.142857,0.000000,0.000000,3.000000,1.000000
1.495948,0.000000,0.712846,0.866667,0.133333,0.000000,0.000000,3.000000,1.000000
0.000000,3.276536,0.711950,0.812500,0.187500,0.000000,1.000000,3.000000,1.000000
3.316951,0.000000,0.712312,0.823529,0.176471,0.000000,1.000000,3.000000,1.000000
2.808382,0.000000,0.712673,0.833333,0.166667,0.000000,0.000000,3.000000,1.000000
2.447530,0.000000,0.713033,0.842105,0.157895,0.000000,0.000000,3.000000,1.000000
3.429989,0.000000,0.713392,0.850000,0.150000,0.000000,0.000000,3.000000,1.000000
3.110338,0.000000,0.713750,0.857143,0.142857,0.000000,0.000000,3.000000,1.000000
0.000000,2.845493,0.712859,0.818182,0.181818,0.000000,1.000000,3.000000,1.000000
2.539998,0.000000,0.713217,0.826087,0.173913,0.000000,1.000000,3.000000,1.000000
0.997789,0.000000,0.713574,0.833333,0.166667,0.000000,0.000000,3.000000,1.000000
2.982350,0.000000,0.713930,0.840000,0.160000,0.000000,0.000000,3.000000,1.000000
0.000000,4.625637,0.713043,0.807692,0.192308,0.000000,1.000000,3.000000,1.000000
4.016965,0.000000,0.713400,0.814815,0.185185,0.000000,1.000000,3.000000,1.000000
2.995553,0.000000,0.713755,0.821429,0.178571,0.000000,0.000000,3.000000,1.000000
5.336550,0.000000,0.714109,0.827586,0.172414,0.000000,0.000000,3.000000,1.000000
3.233054,0.000000,0.714462,0.833333,0.166667,0.000000,0.000000,3.000000,1.000000
2.666790,0.000000,0.714815,0.838710,0.161290,0.000000,0.000000,3.000000,1.000000
0.000000,4.006228,0.715166,0.000000,1.000000,1.000000,1.000000,3.000000,1.000000
0.000000,2.216907,0.715517,0.000000,1.000000,0.000000,0.000000,3.000000,1.000000
0.000000,3.068065,0.715867,0.000000,1.000000,0.000000,0.000000,3.000000,1.000000
0.000000,1.256742,0.716216,0.000000,1.000000,0.000000,0.000000,3.000000,1.000000
0.000000,2.364517,0.716564,0.000000,1.000000,0.000000,0.000000,3.000000,1.000000
0.000000,3.218473,0.716912,0.000000,1.000000,0.000000,0.000000,3.000000,1.000000
0.000000,3.118618,0.717258,0.000000,1.000000,0.000000,0.000000,3.000000,1.000000
0.000000,4.296825,0.717604,0.000000,1.000000,0.000000,0.000000,3.000000,1.000000
0.000000,5.019923,0.717949,0.000000,1.000000,0.000000,0.000000,3.000000,1.000000
0.000000,1.680841,0.718293,0.000000,1.000000,0.000000,0.000000,3.000000,1.000000
0.000000,1.520359,0.718636,0.000000,1.000000,0.000000,0.000000,3.000000,1.000000
3.893717,0.000000,0.717762,0.083333,0.916667,0.000000,1.000000,3.000000,1.000000
0.000000,3.080204,0.718104,0.076923,0.923077,0.000000,1.000000,3.000000,1.000000
0.000000,3.485402,0.718447,0.071429,0.928571,0.000000,0.000000,3.000000,1.000000
0.000000,3.314515,0.718788,0.066667,0.933333,0.000000,0.000000,3.000000,1.000000
0.000000,3.564966,0.719128,0.062500,0.937500,0.000000,0.000000,3.000000,1.000000
1.836030,0.000000,0.718259,0.117647,0.882353,0.000000,1.000000,3.000000,1.000000
0.000000,2.532133,0.718599,0.111111,0.888889,0.000000,1.000000,3.000000,1.000000
0.000000,3.875117,0.718938,0.105263,0.894737,0.000000,0.000000,3.000000,1.000000
2.147156,0.000000,0.718072,0.150000,0.850000,0.000000,1.000000,3.000000,1.000000
0.000000,1.255074,0.718412,0.142857,0.857143,0.000000,1.000000,3.000000,1.000000
0.000000,5.407436,0.718750,0.136364,0.863636,0.000000,0.000000,3.000000,1.000000
0.000000,1.882913,0.719088,0.130435,0.869565,0.000000,0.000000,3.000000,1.000000
0.000000,3.122567,0.719424,0.125000,0.875000,0.000000,0.000000,3.000000,1.000000
0.000000,2.784756,0.719760,0.120000,0.880000,0.000000,0.000000,3.000000,1.000000
0.000000,2.253206,0.720096,0.115385,0.884615,0.000000,0.000000,3.000000,1.000000
3.533428,0.000000,0.719235,0.148148,0.851852,0.000000,1.000000,3.000000,1.000000
0.000000,3.350741,0.719570,0.142857,0.857143,0.000000,1.000000,3.000000,1.000000
1.189809,0.000000,0.718713,0.172414,0.827586,0.000000,1.000000,3.000000,1.000000
0.000000,3.053946,0.719048,0.166667,0.833333,0.000000,1.000000,3.000000,1.000000
0.000000,2.349365,0.719382,0.161290,0.838710,0.000000,0.000000,3.000000,1.000000
4.598640,0.000000,0.718527,0.187500,0.812500,0.000000,1.000000,3.000000,1.000000
2.568212,0.000000,0.717675,0.212121,0.787879,0.000000,0.000000,3.000000,1.000000
0.000000,1.603990,0.718009,0.205882,0.794118,0.000000,1.000000,3.000000,1.000000
2.420608,0.000000,0.717160,0.228571,0.771429,0.000000,1.000000,3.000000,1.000000
0.000000,2.098308,0.717494,0.222222,0.777778,0.000000,1.000000,3.000000,1.000000
2.928511,0.000000,0.716647,0.243243,0.756757,0.000000,1.000000,3.000000,1.000000
0.000000,2.471295,0.716981,0.236842,0.763158,0.000000,1.000000,3.000000,1.000000
5.444629,0.000000,0.716137,0.256410,0.743590,0.000000,1.000000,3.000000,1.000000
3.292564,0.000000,0.715294,0.275000,0.725000,0.000000,0.000000,3.000000,1.000000
1.390635,0.000000,0.714454,0.292683,0.707317,0.000000,0.000000,3.000000,1.000000
4.437655,0.000000,0.713615,0.309524,0.690476,0.000000,0.000000,3.000000,1.000000
2.841612,0.000000,0.713951,1.000000,0.000000,1.000000,0.000000,3.000000,1.000000
1.696944,0.000000,0.714286,1.000000,0.000000,0.000000,0.000000,3.000000,1.000000
0.000000,3.055429,0.713450,0.666667,0.333333,0.000000,1.000000,3.000000,1.000000
0.000000,2.413332,0.712617,0.500000,0.500000,0.000000,0.000000,3.000000,1.000000
0.000000,3.878705,0.711785,0.400000,0.600000,0.000000,0.000000,3.000000,1.000000
0.000000,1.453933,0.710956,0.333333,0.666667,0.000000,0.000000,3.000000,1.000000
4.120852,0.000000,0.711292,0.428571,0.571429,0.000000,1.000000,3.000000,1.000000
0.000000,3.222088,0.710465,0.375000,0.625000,0.000000,1.000000,3.000000,1.000000
2.497655,0.000000,0.710801,0.444444,0.555556,0.000000,1.000000,3.000000,1.000000
4.037571,0.000000,0.711137,0.500000,0.500000,0.000000,0.000000,3.000000,1.000000
2.340202,0.000000,0.711472,0.545455,0.454545,0.000000,0.000000,3.000000,1.000000
0.000000,4.641479,0.710648,0.500000,0.500000,0.000000,1.000000,3.000000,1.000000
3.909884,0.000000,0.710983,0.538462,0.461538,0.000000,1.000000,3.000000,1.000000
2.989640,0.000000,0.711316,0.571429,0.428571,0.000000,0.000000,3.000000,1.000000
3.345541,0.000000,0.711649,0.600000,0.400000,0.000000,0.000000,3.000000,1.000000
2.328751,0.000000,0.711982,0.625000,0.375000,0.000000,0.000000,3.000000,1.000000
0.000000,4.349762,0.711162,0.588235,0.411765,0.000000,1.000000,3.000000,1.000000
3.318422,0.000000,0.711494,0.611111,0.388889,0.000000,1.000000,3.000000,1.000000
4.540469,0.000000,0.711825,0.631579,0.368421,0.000000,0.000000,3.000000,1.000000
0.000000,2.900407,0.711009,0.600000,0.400000,0.000000,1.000000,3.000000,1.000000
6.111039,0.000000,0.711340,0.619048,0.380952,0.000000,1.000000,3.000000,1.000000
4.389081,0.000000,0.711670,0.636364,0.363636,0.000000,0.000000,3.000000,1.000000
2.914117,0.000000,0.712000,0.652174,0.347826,0.000000,0.000000,3.000000,1.000000
0.000000,3.956885,0.711187,0.625000,0.375000,0.000000,1.000000,3.000000,1.000000
2.432643,0.000000,0.711517,0.640000,0.360000,0.000000,1.000000,3.000000,1.000000
2.850802,0.000000,0.711845,0.653846,0.346154,0.000000,0.000000,3.000000,1.000000
0.000000,4.635811,0.711035,0.629630,0.370370,0.000000,1.000000,3.000000,1.000000
3.036400,0.000000,0.711364,0.642857,0.357143,0.000000,1.000000,3.000000,1.000000
4.300083,0.000000,0.711691,0.655172,0.344828,0.000000,0.000000,3.000000,1.000000
0.000000,2.314894,0.710884,0.633333,0.366667,0.000000,1.000000,3.000000,1.000000
2.484344,0.000000,0.711212,0.645161,0.354839,0.000000,1.000000,3.000000,1.000000
0.000000,2.796458,0.710407,0.625000,0.375000,0.000000,1.000000,3.000000,1.000000
2.357571,0.000000,0.710734,0.636364,0.363636,0.000000,1.000000,3.000000,1.000000
0.000000,2.059938,0.709932,0.617647,0.382353,0.000000,1.000000,3.000000,1.000000
2.314339,0.000000,0.710259,0.628571,0.371429,0.000000,1.000000,3.000000,1.000000
1.919509,0.000000,0.710586,0.638889,0.361111,0.000000,0.000000,3.000000,1.000000
3.979978,0.000000,0.709786,1.000000,0.000000,1.000000,0.000000,3.000000,1.000000
0.000000,3.006318,0.710112,0.500000,0.500000,0.000000,1.000000,3.000000,1.000000
0.000000,4.713309,0.710438,0.333333,0.666667,0.000000,0.000000,3.000000,1.000000
0.000000,0.255831,0.710762,0.250000,0.750000,0.000000,0.000000,3.000000,1.000000
0.000000,1.188622,0.711086,0.200000,0.800000,0.000000,0.000000,3.000000,1.000000
2.942888,0.000000,0.710291,0.333333,0.666667,0.000000,1.000000,3.000000,1.000000
0.000000,1.917907,0.710615,0.285714,0.714286,0.000000,1.000000,3.000000,1.000000
0.000000,2.001714,0.710938,0.250000,0.750000,0.000000,0.000000,3.000000,1.000000
0.000000,3.686870,0.711260,0.222222,0.777778,0.000000,0.000000,3.000000,1.000000
0.000000,4.567961,0.711581,0.200000,0.800000,0.000000,0.000000,3.000000,1.000000
2.859334,0.000000,0.710790,0.272727,0.727273,0.000000,1.000000,3.000000,1.000000
0.000000,1.592417,0.711111,0.250000,0.750000,0.000000,1.000000,3.000000,1.000000
0.000000,3.325636,0.711432,0.230769,0.769231,0.000000,0.000000,3.000000,1.000000
0.000000,2.641224,0.711752,0.214286,0.785714,0.000000,0.000000,3.000000,1.000000
0.000000,3.117878,0.712071,0.200000,0.800000,0.000000,0.000000,3.000000,1.000000
0.000000,1.815754,0.712389,0.187500,0.812500,0.000000,0.000000,3.000000,1.000000
0.000000,3.896599,0.712707,0.176471,0.823529,0.000000,0.000000,3.000000,1.000000
0.000000,2.254740,0.713024,0.166667,0.833333,0.000000,0.000000,3.000000,1.000000
3.911858,0.000000,0.712238,0.210526,0.789474,0.000000,1.000000,3.000000,1.000000
0.000000,2.066682,0.712555,0.200000,0.800000,0.000000,1.000000,3.000000,1.000000
0.000000,4.485330,0.712871,0.190476,0.809524,0.000000,0.000000,3.000000,1.000000
2.306794,0.000000,0.712088,0.227273,0.772727,0.000000,1.000000,3.000000,1.000000
0.000000,1.858921,0.712404,0.217391,0.782609,0.000000,1.000000,3.000000,1.000000
2.804229,0.000000,0.711623,0.250000,0.750000,0.000000,1.000000,3.000000,1.000000
3.400095,0.000000,0.710843,0.280000,0.720000,0.000000,0.000000,3.000000,1.000000
0.190222,0.000000,0.711160,1.000000,0.000000,1.000000,0.000000,3.000000,1.000000
4.603516,0.000000,0.711475,1.000000,0.000000,0.000000,0.000000,3.000000,1.000000
2.264282,0.000000,0.711790,1.000000,0.000000,0.000000,0.000000,3.000000,1.000000
0.000000,3.126216,0.711014,0.750000,0.250000,0.000000,1.000000,3.000000,1.000000
2.791003,0.000000,0.711329,0.800000,0.200000,0.000000,1.000000,3.000000,1.000000
1.696853,0.000000,0.711643,0.833333,0.166667,0.000000,0.000000,3.000000,1.000000
0.000000,4.384040,0.710870,0.714286,0.285714,0.000000,1.000000,3.000000,1.000000
2.835922,0.000000,0.711183,0.750000,0.250000,0.000000,1.000000,3.000000,1.000000
3.472226,0.000000,0.711497,0.777778,0.222222,0.000000,0.000000,3.000000,1.000000
2.321321,0.000000,0.711809,0.800000,0.200000,0.000000,0.000000,3.000000,1.000000
0.000000,4.950820,0.711039,0.727273,0.272727,0.000000,1.000000,3.000000,1.000000
0.000000,2.177161,0.710270,0.666667,0.333333,0.000000,0.000000,3.000000,1.000000
0.000000,3.414747,0.709503,0.615385,0.384615,0.000000,0.000000,3.000000,1.000000
0.000000,2.915405,0.708738,0.571429,0.428571,0.000000,0.000000,3.000000,1.000000
0.000000,2.484478,0.707974,0.533333,0.466667,0.000000,0.000000,3.000000,1.000000
4.184800,0.000000,0.708288,0.562500,0.437500,0.000000,1.000000,3.000000,1.000000
3.382083,0.000000,0.708602,0.588235,0.411765,0.000000,0.000000,3.000000,1.000000
2.832362,0.000000,0.708915,0.611111,0.388889,0.000000,0.000000,3.000000,1.000000
3.525461,0.000000,0.709227,0.631579,0.368421,0.000000,0.000000,3.000000,1.000000
3.180900,0.000000,0.709539,0.650000,0.350000,0.000000,0.000000,3.000000,1.000000
2.949213,0.000000,0.709850,0.666667,0.333333,0.000000,0.000000,3.000000,1.000000
5.080403,0.000000,0.710160,0.681818,0.318182,0.000000,0.000000,3.000000,1.000000
0.000000,3.027021,0.710470,0.000000,1.000000,1.000000,1.000000,3.000000,1.000000
0.000000,3.751155,0.710779,0.000000,1.000000,0.000000,0.000000,3.000000,1.000000
1.630083,0.000000,0.710021,0.333333,0.666667,0.000000,1.000000,3.000000,1.000000
0.000000,3.065927,0.710330,0.250000,0.750000,0.000000,1.000000,3.000000,1.000000
0.000000,4.620286,0.710638,0.200000,0.800000,0.000000,0.000000,3.000000,1.000000
0.000000,2.335808,0.710946,0.166667,0.833333,0.000000,0.000000,3.000000,1.000000
0.000000,4.188322,0.711253,0.142857,0.857143,0.000000,0.000000,3.000000,1.000000
0.000000,2.320462,0.711559,0.125000,0.875000,0.000000,0.000000,3.000000,1.000000
0.000000,3.235580,0.711864,0.111111,0.888889,0.000000,0.000000,3.000000,1.000000
0.000000,0.435608,0.712169,0.100000,0.900000,0.000000,0.000000,3.000000,1.000000
0.000000,1.815218,0.712474,0.090909,0.909091,0.000000,0.000000,3.000000,1.000000
0.000000,2.469323,0.712777,0.083333,0.916667,0.000000,0.000000,3.000000,1.000000
3.365369,0.000000,0.712025,0.153846,0.846154,0.000000,1.000000,3.000000,1.000000
0.000000,1.575204,0.712329,0.142857,0.857143,0.000000,1.000000,3.000000,1.000000
0.000000,1.442002,0.712632,0.133333,0.866667,0.000000,0.000000,3.000000,1.000000
0.000000,3.347373,0.712934,0.125000,0.875000,0.000000,0.000000,3.000000,1.000000
0.000000,2.490640,0.713235,0.117647,0.882353,0.000000,0.000000,3.000000,1.000000
3.735451,0.000000,0.712487,0.166667,0.833333,0.000000,1.000000,3.000000,1.000000
0.000000,3.468562,0.712788,0.157895,0.842105,0.000000,1.000000,3.000000,1.000000
0.000000,4.966238,0.713089,0.150000,0.850000,0.000000,0.000000,3.000000,1.000000
1.353561,0.000000,0.712343,0.190476,0.809524,0.000000,1.000000,3.000000,1.000000
1.907431,0.000000,0.711599,0.227273,0.772727,0.000000,0.000000,3.000000,1.000000
0.000000,3.033162,0.711900,0.217391,0.782609,0.000000,1.000000,3.000000,1.000000
0.000000,5.781110,0.712200,0.208333,0.791667,0.000000,0.000000,3.000000,1.000000
0.000000,4.901127,0.712500,0.200000,0.800000,0.000000,0.000000,3.000000,1.000000
3.619093,0.000000,0.711759,0.230769,0.769231,0.000000,1.000000,3.000000,1.000000
0.000000,3.534622,0.712058,0.222222,0.777778,0.000000,1.000000,3.000000,1.000000
0.000000,4.685995,0.712357,0.214286,0.785714,0.000000,0.000000,3.000000,1.000000
0.000000,3.200242,0.712656,0.206897,0.793103,0.000000,0.000000,3.000000,1.000000
2.311192,0.000000,0.711917,0.233333,0.766667,0.000000,1.000000,3.000000,1.000000
3.304428,0.000000,0.711180,0.258065,0.741935,0.000000,0.000000,3.000000,1.000000
0.000000,2.849410,0.711479,0.250000,0.750000,0.000000,1.000000,3.000000,1.000000
4.756075,0.000000,0.711777,1.000000,0.000000,1.000000,1.000000,3.000000,1.000000
0.000000,2.566978,0.711042,0.500000,0.500000,0.000000,1.000000,3.000000,1.000000
2.593418,0.000000,0.711340,0.666667,0.333333,0.000000,1.000000,3.000000,1.000000
0.000000,3.198581,0.710608,0.500000,0.500000,0.000000,1.000000,3.000000,1.000000
3.096557,0.000000,0.710905,0.600000,0.400000,0.000000,1.000000,3.000000,1.000000
2.011625,0.000000,0.711202,0.666667,0.333333,0.000000,0.000000,3.000000,1.000000
0.000000,4.290309,0.710472,0.571429,0.428571,0.000000,1.000000,3.000000,1.000000
2.895492,0.000000,0.710769,0.625000,0.375000,0.000000,1.000000,3.000000,1.000000
4.217005,0.000000,0.711066,0.666667,0.333333,0.000000,0.000000,3.000000,1.000000
2.070310,0.000000,0.711361,0.700000,0.300000,0.000000,0.000000,3.000000,1.000000
3.779269,0.000000,0.711656,0.727273,0.272727,0.000000,0.000000,3.000000,1.000000
0.000000,4.270883,0.710930,0.666667,0.333333,0.000000,1.000000,3.000000,1.000000
0.000000,4.459451,0.710204,0.615385,0.384615,0.000000,0.000000,3.000000,1.000000
1.956775,0.000000,0.710499,0.642857,0.357143,0.000000,1.000000,3.000000,1.000000
2.976596,0.000000,0.710794,0.666667,0.333333,0.000000,0.000000,3.000000,1.000000
0.000000,3.793226,0.710071,0.625000,0.375000,0.000000,1.000000,3.000000,1.000000
3.273957,0.000000,0.710366,0.647059,0.352941,0.000000,1.000000,3.000000,1.000000
0.000000,3.944110,0.709645,0.611111,0.388889,0.000000,1.000000,3.000000,1.000000
0.000000,2.273243,0.708925,0.578947,0.421053,0.000000,0.000000,3.000000,1.000000
0.000000,5.283404,0.708207,0.550000,0.450000,0.000000,0.000000,3.000000,1.000000
0.000000,3.098122,0.707490,0.523810,0.476190,0.000000,0.000000,3.000000,1.000000
3.381014,0.000000,0.707786,0.545455,0.454545,0.000000,1.000000,3.000000,1.000000
5.463769,0.000000,0.708081,0.565217,0.434783,0.000000,0.000000,3.000000,1.000000
3.808123,0.000000,0.708375,0.583333,0.416667,0.000000,0.000000,3.000000,1.000000
3.650288,0.000000,0.708669,0.600000,0.400000,0.000000,0.000000,3.000000,1.000000
1.669825,0.000000,0.708963,0.615385,0.384615,0.000000,0.000000,3.000000,1.000000
2.779626,0.000000,0.709256,0.629630,0.370370,0.000000,0.000000,3.000000,1.000000
4.666313,0.000000,0.709548,0.642857,0.357143,0.000000,0.000000,3.000000,1.000000
0.000000,4.952897,0.708835,0.620690,0.379310,0.000000,1.000000,3.000000,1.000000
0.000000,3.899495,0.708124,0.600000,0.400000,0.000000,0.000000,3.000000,1.000000
1.361207,0.000000,0.708417,0.612903,0.387097,0.000000,1.000000,3.000000,1.000000
0.000000,2.965692,0.707708,0.593750,0.406250,0.000000,1.000000,3.000000,1.000000
1.697054,0.000000,0.708000,0.606061,0.393939,0.000000,1.000000,3.000000,1.000000
