r_t1, r_t2, c_prob, c_prob_epoch_t0, c_prob_epoch_t1, cp, obs_cp, mu_rewards, std_rewards
0.000000,4.881285,1.000000,0.000000,1.000000,0.000000,0.000000,3.000000,1.000000
0.000000,3.658863,1.000000,0.000000,1.000000,0.000000,0.000000,3.000000,1.000000
0.000000,3.375390,1.000000,0.000000,1.000000,0.000000,0.000000,3.000000,1.000000
3.083314,0.000000,0.750000,0.250000,0.750000,0.000000,1.000000,3.000000,1.000000
0.000000,1.595928,0.800000,0.200000,0.800000,0.000000,1.000000,3.000000,1.000000
0.000000,3.386504,0.833333,0.166667,0.833333,0.000000,0.000000,3.000000,1.000000
0.000000,2.180300,0.857143,0.142857,0.857143,0.000000,0.000000,3.000000,1.000000
0.000000,4.084104,0.875000,0.125000,0.875000,0.000000,0.000000,3.000000,1.000000
3.087721,0.000000,0.777778,0.222222,0.777778,0.000000,1.000000,3.000000,1.000000
0.000000,4.594606,0.800000,0.200000,0.800000,0.000000,1.000000,3.000000,1.000000
0.000000,2.643141,0.818182,0.181818,0.818182,0.000000,0.000000,3.000000,1.000000
4.498367,0.000000,0.750000,0.250000,0.750000,0.000000,1.000000,3.000000,1.000000
1.699928,0.000000,0.692308,0.307692,0.692308,0.000000,0.000000,3.000000,1.000000
0.000000,3.169886,0.714286,0.285714,0.714286,0.000000,1.000000,3.000000,1.000000
0.000000,2.551974,0.733333,0.266667,0.733333,0.000000,0.000000,3.000000,1.000000
0.000000,2.542571,0.750000,0.250000,0.750000,0.000000,0.000000,3.000000,1.000000
0.000000,3.397396,0.764706,0.235294,0.764706,0.000000,0.000000,3.000000,1.000000
1.312303,0.000000,0.722222,0.277778,0.722222,0.000000,1.000000,3.000000,1.000000
0.000000,3.052304,0.736842,0.263158,0.736842,0.000000,1.000000,3.000000,1.000000
1.645404,0.000000,0.700000,0.300000,0.700000,0.000000,1.000000,3.000000,1.000000
0.000000,1.584645,0.714286,0.285714,0.714286,0.000000,1.000000,3.000000,1.000000
0.000000,4.731785,0.727273,0.272727,0.727273,0.000000,0.000000,3.000000,1.000000
0.000000,4.170762,0.739130,0.260870,0.739130,0.000000,0.000000,3.000000,1.000000
0.000000,3.490409,0.750000,0.250000,0.750000,0.000000,0.000000,3.000000,1.000000
3.484852,0.000000,0.720000,0.280000,0.720000,0.000000,1.000000,3.000000,1.000000
3.845507,0.000000,0.692308,0.307692,0.692308,0.000000,0.000000,3.000000,1.000000
0.000000,2.872824,0.703704,0.296296,0.703704,0.000000,1.000000,3.000000,1.000000
4.448369,0.000000,0.678571,0.321429,0.678571,0.000000,1.000000,3.000000,1.000000
0.000000,2.213220,0.689655,0.310345,0.689655,0.000000,1.000000,3.000000,1.000000
0.000000,0.637057,0.700000,0.300000,0.700000,0.000000,0.000000,3.000000,1.000000
3.271546,0.000000,0.709677,1.000000,0.000000,1.000000,1.000000,3.000000,1.000000
0.000000,2.219675,0.687500,0.500000,0.500000,0.000000,1.000000,3.000000,1.000000
1.489600,0.000000,0.696970,0.666667,0.333333,0.000000,1.000000,3.000000,1.000000
0.000000,5.117715,0.676471,0.500000,0.500000,0.000000,1.000000,3.000000,1.000000
1.492184,0.000000,0.685714,0.600000,0.400000,0.000000,1.000000,3.000000,1.000000
0.000000,2.922008,0.666667,0.500000,0.500000,0.000000,1.000000,3.000000,1.000000
0.000000,4.745642,0.648649,0.428571,0.571429,0.000000,0.000000,3.000000,1.000000
0.000000,3.241862,0.631579,0.375000,0.625000,0.000000,0.000000,3.000000,1.000000
5.597755,0.000000,0.641026,0.444444,0.555556,0.000000,1.000000,3.000000,1.000000
0.000000,2.693963,0.625000,0.400000,0.600000,0.000000,1.000000,3.000000,1.000000
2.995413,0.000000,0.634146,0.454545,0.545455,0.000000,1.000000,3.000000,1.000000
4.964383,0.000000,0.642857,0.500000,0.500000,0.000000,0.000000,3.000000,1.000000
3.152898,0.000000,0.651163,0.538462,0.461538,0.000000,0.000000,3.000000,1.000000
0.000000,3.116063,0.636364,0.500000,0.500000,0.000000,1.000000,3.000000,1.000000
0.000000,3.354179,0.622222,0.466667,0.533333,0.000000,0.000000,3.000000,1.000000
3.449526,0.000000,0.630435,0.500000,0.500000,0.000000,1.000000,3.000000,1.000000
3.961988,0.000000,0.638298,0.529412,0.470588,0.000000,0.000000,3.000000,1.000000
3.378843,0.000000,0.645833,0.555556,0.444444,0.000000,0.000000,3.000000,1.000000
3.869851,0.000000,0.653061,0.578947,0.421053,0.000000,0.000000,3.000000,1.000000
3.536303,0.000000,0.660000,0.600000,0.400000,0.000000,0.000000,3.000000,1.000000
0.000000,3.704888,0.647059,0.571429,0.428571,0.000000,1.000000,3.000000,1.000000
0.000000,4.343445,0.634615,0.545455,0.454545,0.000000,0.000000,3.000000,1.000000
1.710928,0.000000,0.641509,0.565217,0.434783,0.000000,1.000000,3.000000,1.000000
0.000000,3.158201,0.629630,0.541667,0.458333,0.000000,1.000000,3.000000,1.000000
0.000000,3.922500,0.618182,0.520000,0.480000,0.000000,0.000000,3.000000,1.000000
3.908009,0.000000,0.625000,0.538462,0.461538,0.000000,1.000000,3.000000,1.000000
2.274414,0.000000,0.631579,0.555556,0.444444,0.000000,0.000000,3.000000,1.000000
0.000000,3.636363,0.620690,0.535714,0.464286,0.000000,1.000000,3.000000,1.000000
0.000000,0.997981,0.610169,0.517241,0.482759,0.000000,0.000000,3.000000,1.000000
1.982413,0.000000,0.616667,0.533333,0.466667,0.000000,1.000000,3.000000,1.000000
3.762688,0.000000,0.622951,0.548387,0.451613,0.000000,0.000000,3.000000,1.000000
0.000000,3.645099,0.612903,0.531250,0.468750,0.000000,1.000000,3.000000,1.000000
2.868392,0.000000,0.619048,0.545455,0.454545,0.000000,1.000000,3.000000,1.000000
0.000000,2.942378,0.625000,0.000000,1.000000,1.000000,1.000000,3.000000,1.000000
0.000000,3.422662,0.630769,0.000000,1.000000,0.000000,0.000000,3.000000,1.000000
0.000000,4.479689,0.636364,0.000000,1.000000,0.000000,0.000000,3.000000,1.000000
3.908698,0.000000,0.626866,0.250000,0.750000,0.000000,1.000000,3.000000,1.000000
3.367711,0.000000,0.617647,0.400000,0.600000,0.000000,0.000000,3.000000,1.000000
0.000000,1.188441,0.623188,0.333333,0.666667,0.000000,1.000000,3.000000,1.000000
0.000000,2.294604,0.628571,0.285714,0.714286,0.000000,0.000000,3.000000,1.000000
4.595969,0.000000,0.619718,0.375000,0.625000,0.000000,1.000000,3.000000,1.000000
0.000000,4.798230,0.625000,0.333333,0.666667,0.000000,1.000000,3.000000,1.000000
0.000000,3.456038,0.630137,0.300000,0.700000,0.000000,0.000000,3.000000,1.000000
0.000000,3.204915,0.635135,0.272727,0.727273,0.000000,0.000000,3.000000,1.000000
0.000000,2.425746,0.640000,0.250000,0.750000,0.000000,0.000000,3.000000,1.000000
0.000000,4.399436,0.644737,0.230769,0.769231,0.000000,0.000000,3.000000,1.000000
0.000000,1.471217,0.649351,0.214286,0.785714,0.000000,0.000000,3.000000,1.000000
0.000000,3.125888,0.653846,0.200000,0.800000,0.000000,0.000000,3.000000,1.000000
0.000000,2.087860,0.658228,0.187500,0.812500,0.000000,0.000000,3.000000,1.000000
0.000000,3.153141,0.662500,0.176471,0.823529,0.000000,0.000000,3.000000,1.000000
0.000000,1.551209,0.666667,0.166667,0.833333,0.000000,0.000000,3.000000,1.000000
0.000000,4.912387,0.670732,0.157895,0.842105,0.000000,0.000000,3.000000,1.000000
0.000000,2.663201,0.674699,0.150000,0.850000,0.000000,0.000000,3.000000,1.000000
0.000000,3.640495,0.678571,0.142857,0.857143,0.000000,0.000000,3.000000,1.000000
2.990078,0.000000,0.670588,0.181818,0.818182,0.000000,1.000000,3.000000,1.000000
0.000000,4.056629,0.674419,0.173913,0.826087,0.000000,1.000000,3.000000,1.000000
0.000000,4.183268,0.678161,0.166667,0.833333,0.000000,0.000000,3.000000,1.000000
0.000000,3.729510,0.681818,0.160000,0.840000,0.000000,0.000000,3.000000,1.000000
2.634333,0.000000,0.674157,0.192308,0.807692,0.000000,1.000000,3.000000,1.000000
0.000000,4.348294,0.677778,0.185185,0.814815,0.000000,1.000000,3.000000,1.000000
0.000000,3.254008,0.681319,0.178571,0.821429,0.000000,0.000000,3.000000,1.000000
0.000000,2.566724,0.684783,0.172414,0.827586,0.000000,0.000000,3.000000,1.000000
2.403529,0.000000,0.688172,1.000000,0.000000,1.000000,1.000000,3.000000,1.000000
0.000000,4.039959,0.680851,0.500000,0.500000,0.000000,1.000000,3.000000,1.000000
3.923404,0.000000,0.684211,0.666667,0.333333,0.000000,1.000000,3.000000,1.000000
2.990399,0.000000,0.687500,0.750000,0.250000,0.000000,0.000000,3.000000,1.000000
0.000000,0.922235,0.680412,0.600000,0.400000,0.000000,1.000000,3.000000,1.000000
0.000000,2.862425,0.673469,0.500000,0.500000,0.000000,0.000000,3.000000,1.000000
0.000000,2.766325,0.666667,0.428571,0.571429,0.000000,0.000000,3.000000,1.000000
2.271800,0.000000,0.670000,0.500000,0.500000,0.000000,1.000000,3.000000,1.000000
0.000000,3.696784,0.663366,0.444444,0.555556,0.000000,1.000000,3.000000,1.000000
2.568822,0.000000,0.666667,0.500000,0.500000,0.000000,1.000000,3.000000,1.000000
4.975385,0.000000,0.669903,0.545455,0.454545,0.000000,0.000000,3.000000,1.000000
0.000000,3.513569,0.663462,0.500000,0.500000,0.000000,1.000000,3.000000,1.000000
0.000000,1.384322,0.657143,0.461538,0.538462,0.000000,0.000000,3.000000,1.000000
3.764888,0.000000,0.660377,0.500000,0.500000,0.000000,1.000000,3.000000,1.000000
4.581438,0.000000,0.663551,0.533333,0.466667,0.000000,0.000000,3.000000,1.000000
0.000000,4.694760,0.657407,0.500000,0.500000,0.000000,1.000000,3.000000,1.000000
0.000000,2.114815,0.651376,0.470588,0.529412,0.000000,0.000000,3.000000,1.000000
4.892682,0.000000,0.654545,0.500000,0.500000,0.000000,1.000000,3.000000,1.000000
3.439950,0.000000,0.657658,0.526316,0.473684,0.000000,0.000000,3.000000,1.000000
0.000000,3.863128,0.651786,0.500000,0.500000,0.000000,1.000000,3.000000,1.000000
3.709291,0.000000,0.654867,0.523810,0.476190,0.000000,1.000000,3.000000,1.000000
4.151317,0.000000,0.657895,0.545455,0.454545,0.000000,0.000000,3.000000,1.000000
2.039007,0.000000,0.660870,0.565217,0.434783,0.000000,0.000000,3.000000,1.000000
3.465155,0.000000,0.655172,1.000000,0.000000,1.000000,0.000000,3.000000,1.000000
4.352125,0.000000,0.649573,1.000000,0.000000,0.000000,0.000000,3.000000,1.000000
0.000000,1.641019,0.652542,0.666667,0.333333,0.000000,1.000000,3.000000,1.000000
3.370147,0.000000,0.647059,0.750000,0.250000,0.000000,1.000000,3.000000,1.000000
3.504213,0.000000,0.641667,0.800000,0.200000,0.000000,0.000000,3.000000,1.000000
2.588215,0.000000,0.636364,0.833333,0.166667,0.000000,0.000000,3.000000,1.000000
0.000000,3.001834,0.639344,0.714286,0.285714,0.000000,1.000000,3.000000,1.000000
0.000000,1.610987,0.642276,0.625000,0.375000,0.000000,0.000000,3.000000,1.000000
0.000000,3.295941,0.645161,0.555556,0.444444,0.000000,0.000000,3.000000,1.000000
2.648868,0.000000,0.640000,0.600000,0.400000,0.000000,1.000000,3.000000,1.000000
3.107882,0.000000,0.634921,0.636364,0.363636,0.000000,0.000000,3.000000,1.000000
0.000000,3.064453,0.637795,0.583333,0.416667,0.000000,1.000000,3.000000,1.000000
3.891095,0.000000,0.632812,0.615385,0.384615,0.000000,1.000000,3.000000,1.000000
2.468218,0.000000,0.627907,0.642857,0.357143,0.000000,0.000000,3.000000,1.000000
0.000000,4.030324,0.630769,0.600000,0.400000,0.000000,1.000000,3.000000,1.000000
3.334490,0.000000,0.625954,0.625000,0.375000,0.000000,1.000000,3.000000,1.000000
0.000000,2.461558,0.628788,0.588235,0.411765,0.000000,1.000000,3.000000,1.000000
0.000000,3.235879,0.631579,0.555556,0.444444,0.000000,0.000000,3.000000,1.000000
2.330968,0.000000,0.626866,0.578947,0.421053,0.000000,1.000000,3.000000,1.000000
0.000000,2.752697,0.629630,0.550000,0.450000,0.000000,1.000000,3.000000,1.000000
0.000000,1.580789,0.625000,0.000000,1.000000,1.000000,0.000000,3.000000,1.000000
2.967643,0.000000,0.627737,0.500000,0.500000,0.000000,1.000000,3.000000,1.000000
2.149761,0.000000,0.630435,0.666667,0.333333,0.000000,0.000000,3.000000,1.000000
0.000000,3.544419,0.625899,0.500000,0.500000,0.000000,1.000000,3.000000,1.000000
1.336043,0.000000,0.628571,0.600000,0.400000,0.000000,1.000000,3.000000,1.000000
2.678761,0.000000,0.631206,0.666667,0.333333,0.000000,0.000000,3.000000,1.000000
3.550277,0.000000,0.633803,0.714286,0.285714,0.000000,0.000000,3.000000,1.000000
0.000000,3.941084,0.629371,0.625000,0.375000,0.000000,1.000000,3.000000,1.000000
3.717299,0.000000,0.631944,0.666667,0.333333,0.000000,1.000000,3.000000,1.000000
2.443956,0.000000,0.634483,0.700000,0.300000,0.000000,0.000000,3.000000,1.000000
3.469049,0.000000,0.636986,0.727273,0.272727,0.000000,0.000000,3.000000,1.000000
0.000000,1.877517,0.632653,0.666667,0.333333,0.000000,1.000000,3.000000,1.000000
0.000000,2.069166,0.628378,0.615385,0.384615,0.000000,0.000000,3.000000,1.000000
1.567761,0.000000,0.630872,0.642857,0.357143,0.000000,1.000000,3.000000,1.000000
0.000000,3.582882,0.626667,0.600000,0.400000,0.000000,1.000000,3.000000,1.000000
2.000493,0.000000,0.629139,0.625000,0.375000,0.000000,1.000000,3.000000,1.000000
0.000000,3.952287,0.625000,0.588235,0.411765,0.000000,1.000000,3.000000,1.000000
0.000000,3.600413,0.620915,0.555556,0.444444,0.000000,0.000000,3.000000,1.000000
3.684204,0.000000,0.623377,0.578947,0.421053,0.000000,1.000000,3.000000,1.000000
2.602588,0.000000,0.625806,0.600000,0.400000,0.000000,0.000000,3.000000,1.000000
0.000000,3.343954,0.621795,0.571429,0.428571,0.000000,1.000000,3.000000,1.000000
1.961214,0.000000,0.617834,1.000000,0.000000,1.000000,1.000000,3.000000,1.000000
2.877576,0.000000,0.613924,1.000000,0.000000,0.000000,0.000000,3.000000,1.000000
0.000000,2.362795,0.616352,0.666667,0.333333,0.000000,1.000000,3.000000,1.000000
4.346413,0.000000,0.612500,0.750000,0.250000,0.000000,1.000000,3.000000,1.000000
4.202158,0.000000,0.608696,0.800000,0.200000,0.000000,0.000000,3.000000,1.000000
3.615031,0.000000,0.604938,0.833333,0.166667,0.000000,0.000000,3.000000,1.000000
3.598982,0.000000,0.601227,0.857143,0.142857,0.000000,0.000000,3.000000,1.000000
2.025834,0.000000,0.597561,0.875000,0.125000,0.000000,0.000000,3.000000,1.000000
2.545445,0.000000,0.593939,0.888889,0.111111,0.000000,0.000000,3.000000,1.000000
2.166985,0.000000,0.590361,0.900000,0.100000,0.000000,0.000000,3.000000,1.000000
2.321160,0.000000,0.586826,0.909091,0.090909,0.000000,0.000000,3.000000,1.000000
0.000000,2.916949,0.589286,0.833333,0.166667,0.000000,1.000000,3.000000,1.000000
3.114397,0.000000,0.585799,0.846154,0.153846,0.000000,1.000000,3.000000,1.000000
0.000000,0.710794,0.588235,0.785714,0.214286,0.000000,1.000000,3.000000,1.000000
4.414393,0.000000,0.584795,0.800000,0.200000,0.000000,1.000000,3.000000,1.000000
2.518455,0.000000,0.581395,0.812500,0.187500,0.000000,0.000000,3.000000,1.000000
0.000000,2.024215,0.583815,0.764706,0.235294,0.000000,1.000000,3.000000,1.000000
3.116016,0.000000,0.580460,0.777778,0.222222,0.000000,1.000000,3.000000,1.000000
0.000000,2.466473,0.582857,0.736842,0.263158,0.000000,1.000000,3.000000,1.000000
0.000000,2.705192,0.585227,0.700000,0.300000,0.000000,0.000000,3.000000,1.000000
0.000000,2.899785,0.587571,0.666667,0.333333,0.000000,0.000000,3.000000,1.000000
3.384467,0.000000,0.584270,0.681818,0.318182,0.000000,1.000000,3.000000,1.000000
3.921650,0.000000,0.581006,0.695652,0.304348,0.000000,0.000000,3.000000,1.000000
0.000000,4.260671,0.583333,0.666667,0.333333,0.000000,1.000000,3.000000,1.000000
0.000000,1.927409,0.585635,0.640000,0.360000,0.000000,0.000000,3.000000,1.000000
0.000000,2.914540,0.587912,0.615385,0.384615,0.000000,0.000000,3.000000,1.000000
3.648192,0.000000,0.590164,1.000000,0.000000,1.000000,1.000000,3.000000,1.000000
0.000000,2.326463,0.586957,0.500000,0.500000,0.000000,1.000000,3.000000,1.000000
0.000000,3.003008,0.583784,0.333333,0.666667,0.000000,0.000000,3.000000,1.000000
0.000000,2.953221,0.580645,0.250000,0.750000,0.000000,0.000000,3.000000,1.000000
1.552315,0.000000,0.582888,0.400000,0.600000,0.000000,1.000000,3.000000,1.000000
2.833804,0.000000,0.585106,0.500000,0.500000,0.000000,0.000000,3.000000,1.000000
0.000000,-0.456868,0.582011,0.428571,0.571429,0.000000,1.000000,3.000000,1.000000
3.457394,0.000000,0.584211,0.500000,0.500000,0.000000,1.000000,3.000000,1.000000
0.000000,4.030897,0.581152,0.444444,0.555556,0.000000,1.000000,3.000000,1.000000
3.537712,0.000000,0.583333,0.500000,0.500000,0.000000,1.000000,3.000000,1.000000
1.924751,0.000000,0.585492,0.545455,0.454545,0.000000,0.000000,3.000000,1.000000
0.000000,2.593237,0.582474,0.500000,0.500000,0.000000,1.000000,3.000000,1.000000
2.514531,0.000000,0.584615,0.538462,0.461538,0.000000,1.000000,3.000000,1.000000
0.000000,0.517731,0.581633,0.500000,0.500000,0.000000,1.000000,3.000000,1.000000
4.193423,0.000000,0.583756,0.533333,0.466667,0.000000,1.000000,3.000000,1.000000
1.899121,0.000000,0.585859,0.562500,0.437500,0.000000,0.000000,3.000000,1.000000
1.055401,0.000000,0.587940,0.588235,0.411765,0.000000,0.000000,3.000000,1.000000
3.513666,0.000000,0.590000,0.611111,0.388889,0.000000,0.000000,3.000000,1.000000
4.330244,0.000000,0.592040,0.631579,0.368421,0.000000,0.000000,3.000000,1.000000
0.000000,4.412885,0.589109,0.600000,0.400000,0.000000,1.000000,3.000000,1.000000
0.000000,2.108351,0.586207,0.571429,0.428571,0.000000,0.000000,3.000000,1.000000
3.573017,0.000000,0.588235,0.590909,0.409091,0.000000,1.000000,3.000000,1.000000
3.523488,0.000000,0.590244,0.608696,0.391304,0.000000,0.000000,3.000000,1.000000
2.360207,0.000000,0.587379,1.000000,0.000000,1.000000,0.000000,3.000000,1.000000
0.000000,3.498789,0.589372,0.500000,0.500000,0.000000,1.000000,3.000000,1.000000
2.976732,0.000000,0.586538,0.666667,0.333333,0.000000,1.000000,3.000000,1.000000
4.062766,0.000000,0.583732,0.750000,0.250000,0.000000,0.000000,3.000000,1.000000
0.000000,4.839246,0.585714,0.600000,0.400000,0.000000,1.000000,3.000000,1.000000
0.000000,3.423926,0.587678,0.500000,0.500000,0.000000,0.000000,3.000000,1.000000
4.421955,0.000000,0.584906,0.571429,0.428571,0.000000,1.000000,3.000000,1.000000
0.000000,1.168151,0.586854,0.500000,0.500000,0.000000,1.000000,3.000000,1.000000
0.000000,3.717883,0.588785,0.444444,0.555556,0.000000,0.000000,3.000000,1.000000
0.000000,2.747199,0.590698,0.400000,0.600000,0.000000,0.000000,3.000000,1.000000
0.000000,1.866793,0.592593,0.363636,0.636364,0.000000,0.000000,3.000000,1.000000
3.942805,0.000000,0.589862,0.416667,0.583333,0.000000,1.000000,3.000000,1.000000
0.000000,1.823808,0.591743,0.384615,0.615385,0.000000,1.000000,3.000000,1.000000
4.112751,0.000000,0.589041,0.428571,0.571429,0.000000,1.000000,3.000000,1.000000
0.000000,2.803484,0.590909,0.400000,0.600000,0.000000,1.000000,3.000000,1.000000
0.000000,0.824439,0.592760,0.375000,0.625000,0.000000,0.000000,3.000000,1.000000
0.536021,0.000000,0.590090,0.411765,0.588235,0.000000,1.000000,3.000000,1.000000
0.000000,5.420463,0.591928,0.388889,0.611111,0.000000,1.000000,3.000000,1.000000
0.000000,2.908054,0.593750,0.368421,0.631579,0.000000,0.000000,3.000000,1.000000
3.537335,0.000000,0.591111,0.400000,0.600000,0.000000,1.000000,3.000000,1.000000
0.000000,0.752644,0.592920,0.380952,0.619048,0.000000,1.000000,3.000000,1.000000
1.807741,0.000000,0.590308,0.409091,0.590909,0.000000,1.000000,3.000000,1.000000
0.000000,3.127813,0.592105,0.391304,0.608696,0.000000,1.000000,3.000000,1.000000
0.000000,2.839789,0.593886,0.375000,0.625000,0.000000,0.000000,3.000000,1.000000
0.000000,2.915275,0.595652,0.360000,0.640000,0.000000,0.000000,3.000000,1.000000
0.000000,2.452515,0.597403,0.346154,0.653846,0.000000,0.000000,3.000000,1.000000
0.000000,4.586534,0.599138,0.333333,0.666667,0.000000,0.000000,3.000000,1.000000
0.000000,2.280672,0.600858,0.321429,0.678571,0.000000,0.000000,3.000000,1.000000
0.000000,3.484741,0.602564,0.310345,0.689655,0.000000,0.000000,3.000000,1.000000
0.000000,1.249642,0.604255,0.300000,0.700000,0.000000,0.000000,3.000000,1.000000
3.443386,0.000000,0.605932,1.000000,0.000000,1.000000,1.000000,3.000000,1.000000
3.662535,0.000000,0.607595,1.000000,0.000000,0.000000,0.000000,3.000000,1.000000
3.561184,0.000000,0.609244,1.000000,0.000000,0.000000,0.000000,3.000000,1.000000
4.003717,0.000000,0.610879,1.000000,0.000000,0.000000,0.000000,3.000000,1.000000
1.554101,0.000000,0.612500,1.000000,0.000000,0.000000,0.000000,3.000000,1.000000
0.000000,4.602101,0.609959,0.833333,0.166667,0.000000,1.000000,3.000000,1.000000
3.570440,0.000000,0.611570,0.857143,0.142857,0.000000,1.000000,3.000000,1.000000
1.696993,0.000000,0.613169,0.875000,0.125000,0.000000,0.000000,3.000000,1.000000
1.093504,0.000000,0.614754,0.888889,0.111111,0.000000,0.000000,3.000000,1.000000
0.000000,3.341490,0.612245,0.800000,0.200000,0.000000,1.000000,3.000000,1.000000
3.410610,0.000000,0.613821,0.818182,0.181818,0.000000,1.000000,3.000000,1.000000
2.160401,0.000000,0.615385,0.833333,0.166667,0.000000,0.000000,3.000000,1.000000
2.136086,0.000000,0.616935,0.846154,0.153846,0.000000,0.000000,3.000000,1.000000
3.189623,0.000000,0.618474,0.857143,0.142857,0.000000,0.000000,3.000000,1.000000
0.000000,2.636300,0.616000,0.800000,0.200000,0.000000,1.000000,3.000000,1.000000
3.711020,0.000000,0.617530,0.812500,0.187500,0.000000,1.000000,3.000000,1.000000
0.000000,1.857892,0.615079,0.764706,0.235294,0.000000,1.000000,3.000000,1.000000
0.000000,3.108781,0.612648,0.722222,0.277778,0.000000,0.000000,3.000000,1.000000
3.624818,0.000000,0.614173,0.736842,0.263158,0.000000,1.000000,3.000000,1.000000
4.155186,0.000000,0.615686,0.750000,0.250000,0.000000,0.000000,3.000000,1.000000
2.292980,0.000000,0.617188,0.761905,0.238095,0.000000,0.000000,3.000000,1.000000
2.677043,0.000000,0.618677,0.772727,0.227273,0.000000,0.000000,3.000000,1.000000
1.849985,0.000000,0.620155,0.782609,0.217391,0.000000,0.000000,3.000000,1.000000
2.097658,0.000000,0.617761,1.000000,0.000000,1.000000,0.000000,3.000000,1.000000
0.000000,3.195712,0.619231,0.500000,0.500000,0.000000,1.000000,3.000000,1.000000
0.000000,5.564349,0.620690,0.333333,0.666667,0.000000,0.000000,3.000000,1.000000
0.000000,3.126227,0.622137,0.250000,0.750000,0.000000,0.000000,3.000000,1.000000
1.042184,0.000000,0.619772,0.400000,0.600000,0.000000,1.000000,3.000000,1.000000
0.000000,2.867013,0.621212,0.333333,0.666667,0.000000,1.000000,3.000000,1.000000
0.000000,2.831857,0.622642,0.285714,0.714286,0.000000,0.000000,3.000000,1.000000
3.359779,0.000000,0.620301,0.375000,0.625000,0.000000,1.000000,3.000000,1.000000
0.000000,3.213129,0.621723,0.333333,0.666667,0.000000,1.000000,3.000000,1.000000
0.000000,0.908687,0.623134,0.300000,0.700000,0.000000,0.000000,3.000000,1.000000
3.210694,0.000000,0.620818,0.363636,0.636364,0.000000,1.000000,3.000000,1.000000
0.000000,2.609686,0.622222,0.333333,0.666667,0.000000,1.000000,3.000000,1.000000
2.113990,0.000000,0.619926,0.384615,0.615385,0.000000,1.000000,3.000000,1.000000
0.000000,4.117999,0.621324,0.357143,0.642857,0.000000,1.000000,3.000000,1.000000
0.000000,3.246279,0.622711,0.333333,0.666667,0.000000,0.000000,3.000000,1.000000
0.000000,3.688013,0.624088,0.312500,0.687500,0.000000,0.000000,3.000000,1.000000
3.231528,0.000000,0.621818,0.352941,0.647059,0.000000,1.000000,3.000000,1.000000
4.800716,0.000000,0.619565,0.388889,0.611111,0.000000,0.000000,3.000000,1.000000
4.819219,0.000000,0.617329,0.421053,0.578947,0.000000,0.000000,3.000000,1.000000
0.000000,2.254724,0.618705,0.400000,0.600000,0.000000,1.000000,3.000000,1.000000
0.000000,2.932467,0.620072,0.380952,0.619048,0.000000,0.000000,3.000000,1.000000
4.403112,0.000000,0.621429,1.000000,0.000000,1.000000,1.000000,3.000000,1.000000
2.684690,0.000000,0.622776,1.000000,0.000000,0.000000,0.000000,3.000000,1.000000
0.000000,2.586862,0.620567,0.666667,0.333333,0.000000,1.000000,3.000000,1.000000
3.249988,0.000000,0.621908,0.750000,0.250000,0.000000,1.000000,3.000000,1.000000
0.000000,2.389860,0.619718,0.600000,0.400000,0.000000,1.000000,3.000000,1.000000
0.000000,3.792906,0.617544,0.500000,0.500000,0.000000,0.000000,3.000000,1.000000
2.809620,0.000000,0.618881,0.571429,0.428571,0.000000,1.000000,3.000000,1.000000
2.191946,0.000000,0.620209,0.625000,0.375000,0.000000,0.000000,3.000000,1.000000
3.815083,0.000000,0.621528,0.666667,0.333333,0.000000,0.000000,3.000000,1.000000
3.354302,0.000000,0.622837,0.700000,0.300000,0.000000,0.000000,3.000000,1.000000
3.369922,0.000000,0.624138,0.727273,0.272727,0.000000,0.000000,3.000000,1.000000
4.312200,0.000000,0.625430,0.750000,0.250000,0.000000,0.000000,3.000000,1.000000
4.229650,0.000000,0.626712,0.769231,0.230769,0.000000,0.000000,3.000000,1.000000
0.000000,4.638519,0.624573,0.714286,0.285714,0.000000,1.000000,3.000000,1.000000
4.820298,0.000000,0.625850,0.733333,0.266667,0.000000,1.000000,3.000000,1.000000
1.726494,0.000000,0.627119,0.750000,0.250000,0.000000,0.000000,3.000000,1.000000
0.000000,3.838879,0.625000,0.705882,0.294118,0.000000,1.000000,3.000000,1.000000
3.148264,0.000000,0.626263,0.722222,0.277778,0.000000,1.000000,3.000000,1.000000
0.000000,3.473237,0.624161,0.684211,0.315789,0.000000,1.000000,3.000000,1.000000
1.947169,0.000000,0.625418,0.700000,0.300000,0.000000,1.000000,3.000000,1.000000
2.225707,0.000000,0.623333,1.000000,0.000000,1.000000,0.000000,3.000000,1.000000
0.000000,2.783602,0.615854,0.000000,1.000000,1.000000,0.000000,3.000000,1.000000
2.433748,0.000000,0.617021,0.500000,0.500000,0.000000,1.000000,3.000000,1.000000
3.448106,0.000000,0.618182,0.666667,0.333333,0.000000,0.000000,3.000000,1.000000
4.044325,0.000000,0.619335,0.750000,0.250000,0.000000,0.000000,3.000000,1.000000
0.000000,1.913758,0.617470,0.600000,0.400000,0.000000,1.000000,3.000000,1.000000
0.000000,2.047256,0.615616,0.500000,0.500000,0.000000,0.000000,3.000000,1.000000
2.974874,0.000000,0.616766,0.571429,0.428571,0.000000,1.000000,3.000000,1.000000
2.201278,0.000000,0.617910,0.625000,0.375000,0.000000,0.000000,3.000000,1.000000
0.000000,2.638643,0.616071,0.555556,0.444444,0.000000,1.000000,3.000000,1.000000
3.281925,0.000000,0.617211,0.600000,0.400000,0.000000,1.000000,3.000000,1.000000
2.807794,0.000000,0.618343,0.636364,0.363636,0.000000,0.000000,3.000000,1.000000
2.714901,0.000000,0.619469,0.666667,0.333333,0.000000,0.000000,3.000000,1.000000
3.178847,0.000000,0.620588,0.692308,0.307692,0.000000,0.000000,3.000000,1.000000
0.000000,3.367148,0.618768,0.642857,0.357143,0.000000,1.000000,3.000000,1.000000
3.641461,0.000000,0.619883,0.666667,0.333333,0.000000,1.000000,3.000000,1.000000
3.353583,0.000000,0.620991,0.687500,0.312500,0.000000,0.000000,3.000000,1.000000
0.000000,3.502851,0.619186,0.647059,0.352941,0.000000,1.000000,3.000000,1.000000
4.088432,0.000000,0.620290,0.666667,0.333333,0.000000,1.000000,3.000000,1.000000
1.630907,0.000000,0.621387,0.684211,0.315789,0.000000,0.000000,3.000000,1.000000
0.000000,2.494442,0.619597,0.650000,0.350000,0.000000,1.000000,3.000000,1.000000
3.835771,0.000000,0.620690,0.666667,0.333333,0.000000,1.000000,3.000000,1.000000
2.327580,0.000000,0.621777,0.681818,0.318182,0.000000,0.000000,3.000000,1.000000
3.240301,0.000000,0.622857,0.695652,0.304348,0.000000,0.000000,3.000000,1.000000
2.957843,0.000000,0.623932,0.708333,0.291667,0.000000,0.000000,3.000000,1.000000
0.000000,3.343581,0.622159,0.680000,0.320000,0.000000,1.000000,3.000000,1.000000
0.000000,4.409296,0.620397,0.653846,0.346154,0.000000,0.000000,3.000000,1.000000
0.000000,2.450439,0.618644,0.629630,0.370370,0.000000,0.000000,3.000000,1.000000
1.893495,0.000000,0.616901,1.000000,0.000000,1.000000,1.000000,3.000000,1.000000
3.151833,0.000000,0.615169,1.000000,0.000000,0.000000,0.000000,3.000000,1.000000
2.513752,0.000000,0.613445,1.000000,0.000000,0.000000,0.000000,3.000000,1.000000
0.000000,2.285414,0.614525,0.750000,0.250000,0.000000,1.000000,3.000000,1.000000
2.362017,0.000000,0.612813,0.800000,0.200000,0.000000,1.000000,3.000000,1.000000
2.385268,0.000000,0.611111,0.833333,0.166667,0.000000,0.000000,3.000000,1.000000
0.000000,3.834959,0.612188,0.714286,0.285714,0.000000,1.000000,3.000000,1.000000
0.000000,3.985031,0.613260,0.625000,0.375000,0.000000,0.000000,3.000000,1.000000
4.126024,0.000000,0.611570,0.666667,0.333333,0.000000,1.000000,3.000000,1.000000
0.000000,1.131273,0.612637,0.600000,0.400000,0.000000,1.000000,3.000000,1.000000
0.000000,2.959375,0.613699,0.545455,0.454545,0.000000,0.000000,3.000000,1.000000
0.000000,2.493718,0.614754,0.500000,0.500000,0.000000,0.000000,3.000000,1.000000
0.000000,3.081091,0.615804,0.461538,0.538462,0.000000,0.000000,3.000000,1.000000
0.000000,2.095564,0.616848,0.428571,0.571429,0.000000,0.000000,3.000000,1.000000
3.384069,0.000000,0.615176,0.466667,0.533333,0.000000,1.000000,3.000000,1.000000
0.000000,3.394069,0.616216,0.437500,0.562500,0.000000,1.000000,3.000000,1.000000
2.875859,0.000000,0.614555,0.470588,0.529412,0.000000,1.000000,3.000000,1.000000
0.000000,3.521265,0.615591,0.444444,0.555556,0.000000,1.000000,3.000000,1.000000
0.000000,3.642648,0.616622,0.421053,0.578947,0.000000,0.000000,3.000000,1.000000
0.000000,3.232035,0.617647,0.400000,0.600000,0.000000,0.000000,3.000000,1.000000
2.488748,0.000000,0.616000,0.428571,0.571429,0.000000,1.000000,3.000000,1.000000
3.743841,0.000000,0.617021,1.000000,0.000000,1.000000,0.000000,3.000000,1.000000
1.055856,0.000000,0.618037,1.000000,0.000000,0.000000,0.000000,3.000000,1.000000
0.000000,3.433529,0.616402,0.666667,0.333333,0.000000,1.000000,3.000000,1.000000
0.000000,2.391904,0.614776,0.500000,0.500000,0.000000,0.000000,3.000000,1.000000
2.815701,0.000000,0.615789,0.600000,0.400000,0.000000,1.000000,3.000000,1.000000
0.000000,2.993998,0.614173,0.500000,0.500000,0.000000,1.000000,3.000000,1.000000
0.000000,1.797059,0.612565,0.428571,0.571429,0.000000,0.000000,3.000000,1.000000
2.514438,0.000000,0.613577,0.500000,0.500000,0.000000,1.000000,3.000000,1.000000
3.288838,0.000000,0.614583,0.555556,0.444444,0.000000,0.000000,3.000000,1.000000
2.881148,0.000000,0.615584,0.600000,0.400000,0.000000,0.000000,3.000000,1.000000
2.352578,0.000000,0.616580,0.636364,0.363636,0.000000,0.000000,3.000000,1.000000
0.000000,2.065356,0.614987,0.583333,0.416667,0.000000,1.000000,3.000000,1.000000
0.000000,0.598398,0.613402,0.538462,0.461538,0.000000,0.000000,3.000000,1.000000
4.715240,0.000000,0.614396,0.571429,0.428571,0.000000,1.000000,3.000000,1.000000
3.042804,0.000000,0.615385,0.600000,0.400000,0.000000,0.000000,3.000000,1.000000
2.979273,0.000000,0.616368,0.625000,0.375000,0.000000,0.000000,3.000000,1.000000
2.177085,0.000000,0.617347,0.647059,0.352941,0.000000,0.000000,3.000000,1.000000
2.758512,0.000000,0.618321,0.666667,0.333333,0.000000,0.000000,3.000000,1.000000
0.000000,3.760375,0.616751,0.631579,0.368421,0.000000,1.000000,3.000000,1.000000
0.000000,3.721898,0.615190,0.600000,0.400000,0.000000,0.000000,3.000000,1.000000
0.000000,2.734953,0.613636,0.571429,0.428571,0.000000,0.000000,3.000000,1.000000
2.698127,0.000000,0.612091,1.000000,0.000000,1.000000,1.000000,3.000000,1.000000
4.801405,0.000000,0.610553,1.000000,0.000000,0.000000,0.000000,3.000000,1.000000
1.874541,0.000000,0.609023,1.000000,0.000000,0.000000,0.000000,3.000000,1.000000
0.000000,1.303699,0.610000,0.750000,0.250000,0.000000,1.000000,3.000000,1.000000
0.000000,1.405360,0.610973,0.600000,0.400000,0.000000,0.000000,3.000000,1.000000
3.836354,0.000000,0.609453,0.666667,0.333333,0.000000,1.000000,3.000000,1.000000
0.000000,1.427781,0.610422,0.571429,0.428571,0.000000,1.000000,3.000000,1.000000
0.000000,3.796571,0.611386,0.500000,0.500000,0.000000,0.000000,3.000000,1.000000
0.000000,2.838851,0.612346,0.444444,0.555556,0.000000,0.000000,3.000000,1.000000
0.000000,2.065610,0.613300,0.400000,0.600000,0.000000,0.000000,3.000000,1.000000
0.000000,3.199952,0.614251,0.363636,0.636364,0.000000,0.000000,3.000000,1.000000
0.000000,3.020203,0.615196,0.333333,0.666667,0.000000,0.000000,3.000000,1.000000
1.651157,0.000000,0.613692,0.384615,0.615385,0.000000,1.000000,3.000000,1.000000
0.000000,3.460654,0.614634,0.357143,0.642857,0.000000,1.000000,3.000000,1.000000
0.000000,4.010267,0.615572,0.333333,0.666667,0.000000,0.000000,3.000000,1.000000
0.000000,1.119908,0.616505,0.312500,0.687500,0.000000,0.000000,3.000000,1.000000
2.683498,0.000000,0.615012,0.352941,0.647059,0.000000,1.000000,3.000000,1.000000
0.000000,4.612554,0.615942,0.333333,0.666667,0.000000,1.000000,3.000000,1.000000
0.000000,3.645480,0.616867,0.315789,0.684211,0.000000,0.000000,3.000000,1.000000
1.678315,0.000000,0.615385,0.350000,0.650000,0.000000,1.000000,3.000000,1.000000
0.000000,2.888372,0.616307,0.333333,0.666667,0.000000,1.000000,3.000000,1.000000
0.000000,3.753746,0.614833,0.000000,1.000000,1.000000,0.000000,3.000000,1.000000
2.617206,0.000000,0.615752,0.500000,0.500000,0.000000,1.000000,3.000000,1.000000
3.761830,0.000000,0.616667,0.666667,0.333333,0.000000,0.000000,3.000000,1.000000
2.733184,0.000000,0.617577,0.750000,0.250000,0.000000,0.000000,3.000000,1.000000
3.436891,0.000000,0.618483,0.800000,0.200000,0.000000,0.000000,3.000000,1.000000
3.561424,0.000000,0.619385,0.833333,0.166667,0.000000,0.000000,3.000000,1.000000
2.144928,0.000000,0.620283,0.857143,0.142857,0.000000,0.000000,3.000000,1.000000
0.000000,3.703803,0.618824,0.750000,0.250000,0.000000,1.000000,3.000000,1.000000
0.000000,3.817446,0.617371,0.666667,0.333333,0.000000,0.000000,3.000000,1.000000
4.647318,0.000000,0.618267,0.700000,0.300000,0.000000,1.000000,3.000000,1.000000
0.000000,2.250536,0.616822,0.636364,0.363636,0.000000,1.000000,3.000000,1.000000
3.708871,0.000000,0.617716,0.666667,0.333333,0.000000,1.000000,3.000000,1.000000
0.000000,2.928878,0.616279,0.615385,0.384615,0.000000,1.000000,3.000000,1.000000
0.000000,3.894719,0.614849,0.571429,0.428571,0.000000,0.000000,3.000000,1.000000
3.242057,0.000000,0.615741,0.600000,0.400000,0.000000,1.000000,3.000000,1.000000
2.795453,0.000000,0.616628,0.625000,0.375000,0.000000,0.000000,3.000000,1.000000
1.917168,0.000000,0.617512,0.647059,0.352941,0.000000,0.000000,3.000000,1.000000
3.134845,0.000000,0.618391,0.666667,0.333333,0.000000,0.000000,3.000000,1.000000
0.000000,3.897976,0.616972,0.631579,0.368421,0.000000,1.000000,3.000000,1.000000
0.000000,3.340779,0.617849,0.000000,1.000000,1.000000,0.000000,3.000000,1.000000
3.460053,0.000000,0.616438,0.500000,0.500000,0.000000,1.000000,3.000000,1.000000
0.000000,3.758030,0.617312,0.333333,0.666667,0.000000,1.000000,3.000000,1.000000
0.000000,0.296147,0.618182,0.250000,0.750000,0.000000,0.000000,3.000000,1.000000
3.363876,0.000000,0.616780,0.400000,0.600000,0.000000,1.000000,3.000000,1.000000
2.740036,0.000000,0.615385,0.500000,0.500000,0.000000,0.000000,3.000000,1.000000
0.000000,2.625451,0.616253,0.428571,0.571429,0.000000,1.000000,3.000000,1.000000
0.000000,2.479037,0.617117,0.375000,0.625000,0.000000,0.000000,3.000000,1.000000
5.373631,0.000000,0.615730,0.444444,0.555556,0.000000,1.000000,3.000000,1.000000
1.997946,0.000000,0.614350,0.500000,0.500000,0.000000,0.000000,3.000000,1.000000
3.216253,0.000000,0.612975,0.545455,0.454545,0.000000,0.000000,3.000000,1.000000
2.824221,0.000000,0.611607,0.583333,0.416667,0.000000,0.000000,3.000000,1.000000
0.000000,5.296388,0.612472,0.538462,0.461538,0.000000,1.000000,3.000000,1.000000
0.000000,3.327483,0.613333,0.500000,0.500000,0.000000,0.000000,3.000000,1.000000
4.034837,0.000000,0.611973,0.533333,0.466667,0.000000,1.000000,3.000000,1.000000
0.000000,3.274420,0.612832,0.500000,0.500000,0.000000,1.000000,3.000000,1.000000
0.000000,2.724245,0.613687,0.470588,0.529412,0.000000,0.000000,3.000000,1.000000
2.671480,0.000000,0.612335,0.500000,0.500000,0.000000,1.000000,3.000000,1.000000
3.490138,0.000000,0.610989,0.526316,0.473684,0.000000,0.000000,3.000000,1.000000
0.000000,2.432889,0.611842,0.500000,0.500000,0.000000,1.000000,3.000000,1.000000
0.000000,4.042442,0.612691,0.476190,0.523810,0.000000,0.000000,3.000000,1.000000
0.000000,1.925088,0.613537,0.454545,0.545455,0.000000,0.000000,3.000000,1.000000
2.446039,0.000000,0.612200,0.478261,0.521739,0.000000,1.000000,3.000000,1.000000
0.000000,4.079888,0.613043,0.458333,0.541667,0.000000,1.000000,3.000000,1.000000
0.000000,3.094751,0.611714,0.000000,1.000000,1.000000,0.000000,3.000000,1.000000
0.000000,3.093615,0.610390,0.000000,1.000000,0.000000,0.000000,3.000000,1.000000
0.000000,2.935742,0.609071,0.000000,1.000000,0.000000,0.000000,3.000000,1.000000
5.016700,0.000000,0.609914,0.250000,0.750000,0.000000,1.000000,3.000000,1.000000
3.291943,0.000000,0.610753,0.400000,0.600000,0.000000,0.000000,3.000000,1.000000
0.000000,2.260794,0.609442,0.333333,0.666667,0.000000,1.000000,3.000000,1.000000
0.000000,3.560645,0.608137,0.285714,0.714286,0.000000,0.000000,3.000000,1.000000
4.154826,0.000000,0.608974,0.375000,0.625000,0.000000,1.000000,3.000000,1.000000
0.000000,4.963221,0.607676,0.333333,0.666667,0.000000,1.000000,3.000000,1.000000
4.396902,0.000000,0.608511,0.400000,0.600000,0.000000,1.000000,3.000000,1.000000
0.000000,2.472349,0.607219,0.363636,0.636364,0.000000,1.000000,3.000000,1.000000
5.136055,0.000000,0.608051,0.416667,0.583333,0.000000,1.000000,3.000000,1.000000
4.101334,0.000000,0.608879,0.461538,0.538462,0.000000,0.000000,3.000000,1.000000
3.532898,0.000000,0.609705,0.500000,0.500000,0.000000,0.000000,3.000000,1.000000
2.594442,0.000000,0.610526,0.533333,0.466667,0.000000,0.000000,3.000000,1.000000
2.543818,0.000000,0.611345,0.562500,0.437500,0.000000,0.000000,3.000000,1.000000
0.000000,3.738384,0.612159,0.000000,1.000000,1.000000,1.000000,3.000000,1.000000
0.000000,2.511675,0.612971,0.000000,1.000000,0.000000,0.000000,3.000000,1.000000
0.000000,3.569966,0.613779,0.000000,1.000000,0.000000,0.000000,3.000000,1.000000
0.000000,3.511837,0.614583,0.000000,1.000000,0.000000,0.000000,3.000000,1.000000
5.231664,0.000000,0.613306,0.200000,0.800000,0.000000,1.000000,3.000000,1.000000
2.153136,0.000000,0.612033,0.333333,0.666667,0.000000,0.000000,3.000000,1.000000
2.013766,0.000000,0.610766,0.428571,0.571429,0.000000,0.000000,3.000000,1.000000
0.000000,4.445843,0.611570,0.375000,0.625000,0.000000,1.000000,3.000000,1.000000
0.000000,4.072416,0.612371,0.333333,0.666667,0.000000,0.000000,3.000000,1.000000
0.000000,3.556226,0.613169,0.300000,0.700000,0.000000,0.000000,3.000000,1.000000
2.109525,0.000000,0.611910,0.363636,0.636364,0.000000,1.000000,3.000000,1.000000
0.000000,2.022035,0.612705,0.333333,0.666667,0.000000,1.000000,3.000000,1.000000
0.000000,1.012740,0.613497,0.307692,0.692308,0.000000,0.000000,3.000000,1.000000
0.000000,4.009662,0.614286,0.285714,0.714286,0.000000,0.000000,3.000000,1.000000
3.049850,0.000000,0.613035,0.333333,0.666667,0.000000,1.000000,3.000000,1.000000
0.000000,1.785003,0.613821,0.312500,0.687500,0.000000,1.000000,3.000000,1.000000
0.000000,3.660146,0.614604,0.294118,0.705882,0.000000,0.000000,3.000000,1.000000
0.000000,2.693533,0.615385,0.277778,0.722222,0.000000,0.000000,3.000000,1.000000
0.000000,2.136572,0.616162,0.263158,0.736842,0.000000,0.000000,3.000000,1.000000
0.000000,2.450293,0.616935,0.250000,0.750000,0.000000,0.000000,3.000000,1.000000
0.000000,4.192708,0.617706,0.238095,0.761905,0.000000,0.000000,3.000000,1.000000
0.000000,2.494932,0.618474,0.227273,0.772727,0.000000,0.000000,3.000000,1.000000
0.000000,0.182228,0.619238,0.217391,0.782609,0.000000,0.000000,3.000000,1.000000
0.000000,4.407718,0.620000,0.208333,0.791667,0.000000,0.000000,3.000000,1.000000
0.000000,2.364554,0.620758,0.200000,0.800000,0.000000,0.000000,3.000000,1.000000
2.715131,0.000000,0.619522,0.230769,0.769231,0.000000,1.000000,3.000000,1.000000
0.000000,1.311639,0.620278,0.222222,0.777778,0.000000,1.000000,3.000000,1.000000
0.000000,2.285918,0.621032,0.214286,0.785714,0.000000,0.000000,3.000000,1.000000
2.387713,0.000000,0.619802,0.241379,0.758621,0.000000,1.000000,3.000000,1.000000
3.378547,0.000000,0.618577,0.266667,0.733333,0.000000,0.000000,3.000000,1.000000
1.119966,0.000000,0.619329,1.000000,0.000000,1.000000,0.000000,3.000000,1.000000
2.288903,0.000000,0.620079,1.000000,0.000000,0.000000,0.000000,3.000000,1.000000
0.000000,4.120277,0.618861,0.666667,0.333333,0.000000,1.000000,3.000000,1.000000
1.494531,0.000000,0.619608,0.750000,0.250000,0.000000,1.000000,3.000000,1.000000
3.581563,0.000000,0.620352,0.800000,0.200000,0.000000,0.000000,3.000000,1.000000
0.000000,3.854466,0.619141,0.666667,0.333333,0.000000,1.000000,3.000000,1.000000
1.087901,0.000000,0.619883,0.714286,0.285714,0.000000,1.000000,3.000000,1.000000
0.000000,4.354730,0.618677,0.625000,0.375000,0.000000,1.000000,3.000000,1.000000
2.271911,0.000000,0.619417,0.666667,0.333333,0.000000,1.000000,3.000000,1.000000
2.606732,0.000000,0.620155,0.700000,0.300000,0.000000,0.000000,3.000000,1.000000
1.811769,0.000000,0.620890,0.727273,0.272727,0.000000,0.000000,3.000000,1.000000
0.000000,4.483721,0.619691,0.666667,0.333333,0.000000,1.000000,3.000000,1.000000
1.485680,0.000000,0.620424,0.692308,0.307692,0.000000,1.000000,3.000000,1.000000
3.644092,0.000000,0.621154,0.714286,0.285714,0.000000,0.000000,3.000000,1.000000
2.981730,0.000000,0.621881,0.733333,0.266667,0.000000,0.000000,3.000000,1.000000
2.720191,0.000000,0.622605,0.750000,0.250000,0.000000,0.000000,3.000000,1.000000
0.000000,3.843100,0.621415,0.705882,0.294118,0.000000,1.000000,3.000000,1.000000
2.628582,0.000000,0.622137,0.722222,0.277778,0.000000,1.000000,3.000000,1.000000
3.558026,0.000000,0.622857,0.736842,0.263158,0.000000,0.000000,3.000000,1.000000
2.859298,0.000000,0.623574,0.750000,0.250000,0.000000,0.000000,3.000000,1.000000
1.646364,0.000000,0.624288,0.761905,0.238095,0.000000,0.000000,3.000000,1.000000
4.935011,0.000000,0.625000,0.772727,0.227273,0.000000,0.000000,3.000000,1.000000
0.000000,3.088725,0.623819,0.739130,0.260870,0.000000,1.000000,3.000000,1.000000
2.046106,0.000000,0.624528,0.750000,0.250000,0.000000,1.000000,3.000000,1.000000
0.000000,3.772379,0.623352,0.720000,0.280000,0.000000,1.000000,3.000000,1.000000
0.000000,3.126549,0.624060,0.000000,1.000000,1.000000,0.000000,3.000000,1.000000
5.785121,0.000000,0.622889,0.500000,0.500000,0.000000,1.000000,3.000000,1.000000
0.000000,2.940347,0.623596,0.333333,0.666667,0.000000,1.000000,3.000000,1.000000
0.000000,3.245160,0.624299,0.250000,0.750000,0.000000,0.000000,3.000000,1.000000
1.145081,0.000000,0.623134,0.400000,0.600000,0.000000,1.000000,3.000000,1.000000
0.000000,2.417947,0.623836,0.333333,0.666667,0.000000,1.000000,3.000000,1.000000
2.344221,0.000000,0.622677,0.428571,0.571429,0.000000,1.000000,3.000000,1.000000
0.000000,3.633510,0.623377,0.375000,0.625000,0.000000,1.000000,3.000000,1.000000
1.887462,0.000000,0.622222,0.444444,0.555556,0.000000,1.000000,3.000000,1.000000
0.000000,3.362258,0.622921,0.400000,0.600000,0.000000,1.000000,3.000000,1.000000
0.000000,2.706843,0.623616,0.363636,0.636364,0.000000,0.000000,3.000000,1.000000
0.000000,3.909032,0.624309,0.333333,0.666667,0.000000,0.000000,3.000000,1.000000
3.119226,0.000000,0.623162,0.384615,0.615385,0.000000,1.000000,3.000000,1.000000
1.644274,0.000000,0.622018,0.428571,0.571429,0.000000,0.000000,3.000000,1.000000
0.000000,3.904630,0.622711,0.400000,0.600000,0.000000,1.000000,3.000000,1.000000
1.887153,0.000000,0.621572,0.437500,0.562500,0.000000,1.000000,3.000000,1.000000
3.605104,0.000000,0.620438,0.470588,0.529412,0.000000,0.000000,3.000000,1.000000
0.000000,2.628468,0.621129,0.444444,0.555556,0.000000,1.000000,3.000000,1.000000
3.383603,0.000000,0.620000,0.473684,0.526316,0.000000,1.000000,3.000000,1.000000
0.000000,2.193130,0.620690,0.450000,0.550000,0.000000,1.000000,3.000000,1.000000
3.610008,0.000000,0.619565,0.476190,0.523810,0.000000,1.000000,3.000000,1.000000
2.007029,0.000000,0.618445,0.500000,0.500000,0.000000,0.000000,3.000000,1.000000
0.000000,3.387003,0.619134,0.478261,0.521739,0.000000,1.000000,3.000000,1.000000
0.000000,2.776748,0.619820,0.458333,0.541667,0.000000,0.000000,3.000000,1.000000
0.000000,3.107520,0.620504,0.440000,0.560000,0.000000,0.000000,3.000000,1.000000
0.000000,3.399837,0.621185,0.423077,0.576923,0.000000,0.000000,3.000000,1.000000
0.000000,2.548843,0.621864,0.407407,0.592593,0.000000,0.000000,3.000000,1.000000
0.000000,3.293257,0.622540,0.392857,0.607143,0.000000,0.000000,3.000000,1.000000
1.607213,0.000000,0.621429,0.413793,0.586207,0.000000,1.000000,3.000000,1.000000
3.205134,0.000000,0.620321,0.433333,0.566667,0.000000,0.000000,3.000000,1.000000
0.000000,4.838359,0.620996,0.419355,0.580645,0.000000,1.000000,3.000000,1.000000
0.000000,1.491317,0.621670,0.406250,0.593750,0.000000,0.000000,3.000000,1.000000
0.000000,3.346712,0.622340,0.393939,0.606061,0.000000,0.000000,3.000000,1.000000
0.000000,2.346990,0.623009,0.382353,0.617647,0.000000,0.000000,3.000000,1.000000
0.000000,3.736859,0.623675,0.371429,0.628571,0.000000,0.000000,3.000000,1.000000
0.000000,0.203164,0.624339,0.361111,0.638889,0.000000,0.000000,3.000000,1.000000
0.000000,5.051116,0.623239,0.000000,1.000000,1.000000,0.000000,3.000000,1.000000
0.000000,3.295113,0.622144,0.000000,1.000000,0.000000,0.000000,3.000000,1.000000
2.349755,0.000000,0.622807,0.333333,0.666667,0.000000,1.000000,3.000000,1.000000
0.817896,0.000000,0.623468,0.500000,0.500000,0.000000,0.000000,3.000000,1.000000
2.638520,0.000000,0.624126,0.600000,0.400000,0.000000,0.000000,3.000000,1.000000
2.134046,0.000000,0.624782,0.666667,0.333333,0.000000,0.000000,3.000000,1.000000
3.463686,0.000000,0.625436,0.714286,0.285714,0.000000,0.000000,3.000000,1.000000
0.000000,4.262859,0.624348,0.625000,0.375000,0.000000,1.000000,3.000000,1.000000
0.000000,2.745828,0.623264,0.555556,0.444444,0.000000,0.000000,3.000000,1.000000
0.000000,5.611133,0.622184,0.500000,0.500000,0.000000,0.000000,3.000000,1.000000
2.544476,0.000000,0.622837,0.545455,0.454545,0.000000,1.000000,3.000000,1.000000
2.736143,0.000000,0.623489,0.583333,0.416667,0.000000,0.000000,3.000000,1.000000
2.303913,0.000000,0.624138,0.615385,0.384615,0.000000,0.000000,3.000000,1.000000
3.783008,0.000000,0.624785,0.642857,0.357143,0.000000,0.000000,3.000000,1.000000
0.000000,2.310744,0.623711,0.600000,0.400000,0.000000,1.000000,3.000000,1.000000
0.000000,3.812449,0.622642,0.562500,0.437500,0.000000,0.000000,3.000000,1.000000
0.000000,2.584129,0.621575,0.529412,0.470588,0.000000,0.000000,3.000000,1.000000
0.000000,2.304825,0.620513,0.500000,0.500000,0.000000,0.000000,3.000000,1.000000
2.177467,0.000000,0.621160,0.526316,0.473684,0.000000,1.000000,3.000000,1.000000
1.938568,0.000000,0.621806,0.550000,0.450000,0.000000,0.000000,3.000000,1.000000
2.782657,0.000000,0.622449,0.571429,0.428571,0.000000,0.000000,3.000000,1.000000
3.804123,0.000000,0.623090,0.590909,0.409091,0.000000,0.000000,3.000000,1.000000
2.207389,0.000000,0.623729,0.608696,0.391304,0.000000,0.000000,3.000000,1.000000
0.000000,3.612169,0.622673,0.583333,0.416667,0.000000,1.000000,3.000000,1.000000
1.307563,0.000000,0.623311,0.600000,0.400000,0.000000,1.000000,3.000000,1.000000
1.410166,0.000000,0.623946,0.615385,0.384615,0.000000,0.000000,3.000000,1.000000
2.715247,0.000000,0.624579,0.629630,0.370370,0.000000,0.000000,3.000000,1.000000
0.000000,4.227454,0.623529,0.607143,0.392857,0.000000,1.000000,3.000000,1.000000
0.000000,3.259922,0.624161,0.000000,1.000000,1.000000,0.000000,3.000000,1.000000
0.000000,1.286180,0.624791,0.000000,1.000000,0.000000,0.000000,3.000000,1.000000
2.731036,0.000000,0.623746,0.333333,0.666667,0.000000,1.000000,3.000000,1.000000
0.000000,2.913789,0.624374,0.250000,0.750000,0.000000,1.000000,3.000000,1.000000
0.000000,3.274808,0.625000,0.200000,0.800000,0.000000,0.000000,3.000000,1.000000
0.000000,2.367024,0.625624,0.166667,0.833333,0.000000,0.000000,3.000000,1.000000
3.513551,0.000000,0.624585,0.285714,0.714286,0.000000,1.000000,3.000000,1.000000
0.000000,2.242432,0.625207,0.250000,0.750000,0.000000,1.000000,3.000000,1.000000
3.180443,0.000000,0.624172,0.333333,0.666667,0.000000,1.000000,3.000000,1.000000
0.000000,0.711090,0.624793,0.300000,0.700000,0.000000,1.000000,3.000000,1.000000
0.000000,3.693134,0.625413,0.272727,0.727273,0.000000,0.000000,3.000000,1.000000
0.000000,2.585646,0.626030,0.250000,0.750000,0.000000,0.000000,3.000000,1.000000
0.000000,2.527226,0.626645,0.230769,0.769231,0.000000,0.000000,3.000000,1.000000
1.909293,0.000000,0.625616,0.285714,0.714286,0.000000,1.000000,3.000000,1.000000
2.658550,0.000000,0.624590,0.333333,0.666667,0.000000,0.000000,3.000000,1.000000
1.247447,0.000000,0.623568,0.375000,0.625000,0.000000,0.000000,3.000000,1.000000
2.818145,0.000000,0.622549,0.411765,0.588235,0.000000,0.000000,3.000000,1.000000
0.000000,3.278302,0.623165,0.388889,0.611111,0.000000,1.000000,3.000000,1.000000
2.247256,0.000000,0.622150,0.421053,0.578947,0.000000,1.000000,3.000000,1.000000
0.000000,3.852783,0.622764,0.400000,0.600000,0.000000,1.000000,3.000000,1.000000
0.000000,3.379064,0.621753,0.000000,1.000000,1.000000,0.000000,3.000000,1.000000
3.959837,0.000000,0.622366,0.500000,0.500000,0.000000,1.000000,3.000000,1.000000
0.000000,2.264989,0.621359,0.333333,0.666667,0.000000,1.000000,3.000000,1.000000
3.330593,0.000000,0.621971,0.500000,0.500000,0.000000,1.000000,3.000000,1.000000
0.000000,3.907533,0.620968,0.400000,0.600000,0.000000,1.000000,3.000000,1.000000
3.668357,0.000000,0.621578,0.500000,0.500000,0.000000,1.000000,3.000000,1.000000
0.000000,1.774976,0.620579,0.428571,0.571429,0.000000,1.000000,3.000000,1.000000
2.796837,0.000000,0.621188,0.500000,0.500000,0.000000,1.000000,3.000000,1.000000
2.608618,0.000000,0.621795,0.555556,0.444444,0.000000,0.000000,3.000000,1.000000
2.732533,0.000000,0.622400,0.600000,0.400000,0.000000,0.000000,3.000000,1.000000
3.705682,0.000000,0.623003,0.636364,0.363636,0.000000,0.000000,3.000000,1.000000
3.696699,0.000000,0.623604,0.666667,0.333333,0.000000,0.000000,3.000000,1.000000
