"r_t1","r_t2","c_prob","c_prob_epoch_t0","c_prob_epoch_t1","cp","obs_cp","mu_rewards","std_rewards","condition","trial","trialset","epoch_n","ID","p_id_solution","t0_p","t1_p","epoch_trial"
0,2.84954,1,0,1,0,0,3,1,"hv",1,"93",0,854,111,0.25,0.75,1
0,2.54025,1,0,1,0,0,3,1,"hv",2,"93",0,854,111,0.25,0.75,2
0,3.540075,1,0,1,0,0,3,1,"hv",3,"93",0,854,111,0.25,0.75,3
1.903456,0,0.75,0.25,0.75,0,1,3,1,"hv",4,"93",0,854,111,0.25,0.75,4
0,2.860282,0.8,0.2,0.8,0,1,3,1,"hv",5,"93",0,854,111,0.25,0.75,5
0,3.920752,0.833333,0.166667,0.833333,0,0,3,1,"hv",6,"93",0,854,111,0.25,0.75,6
0,3.832764,0.857143,0.142857,0.857143,0,0,3,1,"hv",7,"93",0,854,111,0.25,0.75,7
0,3.657745,0.875,0.125,0.875,0,0,3,1,"hv",8,"93",0,854,111,0.25,0.75,8
0,2.165401,0.888889,0.111111,0.888889,0,0,3,1,"hv",9,"93",0,854,111,0.25,0.75,9
0,3.000766,0.9,0.1,0.9,0,0,3,1,"hv",10,"93",0,854,111,0.25,0.75,10
0,2.043489,0.909091,0.090909,0.909091,0,0,3,1,"hv",11,"93",0,854,111,0.25,0.75,11
0,2.133794,0.916667,0.083333,0.916667,0,0,3,1,"hv",12,"93",0,854,111,0.25,0.75,12
0,3.485418,0.923077,0.076923,0.923077,0,0,3,1,"hv",13,"93",0,854,111,0.25,0.75,13
0,2.383108,0.928571,0.071429,0.928571,0,0,3,1,"hv",14,"93",0,854,111,0.25,0.75,14
0,2.699758,0.933333,0.066667,0.933333,0,0,3,1,"hv",15,"93",0,854,111,0.25,0.75,15
0,2.75402,0.9375,0.0625,0.9375,0,0,3,1,"hv",16,"93",0,854,111,0.25,0.75,16
2.942911,0,0.882353,0.117647,0.882353,0,1,3,1,"hv",17,"93",0,854,111,0.25,0.75,17
0,2.954525,0.833333,0,1,1,1,3,1,"hv",18,"93",1,854,112,0.75,0.25,1
0,3.94043,0.789474,0,1,0,0,3,1,"hv",19,"93",1,854,112,0.75,0.25,2
2.009363,0,0.8,0.333333,0.666667,0,1,3,1,"hv",20,"93",1,854,112,0.75,0.25,3
4.117527,0,0.809524,0.5,0.5,0,0,3,1,"hv",21,"93",1,854,112,0.75,0.25,4
4.718256,0,0.818182,0.6,0.4,0,0,3,1,"hv",22,"93",1,854,112,0.75,0.25,5
4.111319,0,0.826087,0.666667,0.333333,0,0,3,1,"hv",23,"93",1,854,112,0.75,0.25,6
0,4.476448,0.791667,0.571429,0.428571,0,1,3,1,"hv",24,"93",1,854,112,0.75,0.25,7
1.891303,0,0.8,0.625,0.375,0,1,3,1,"hv",25,"93",1,854,112,0.75,0.25,8
2.973573,0,0.807692,0.666667,0.333333,0,0,3,1,"hv",26,"93",1,854,112,0.75,0.25,9
2.544464,0,0.814815,0.7,0.3,0,0,3,1,"hv",27,"93",1,854,112,0.75,0.25,10
0,4.218257,0.785714,0.636364,0.363636,0,1,3,1,"hv",28,"93",1,854,112,0.75,0.25,11
1.347096,0,0.793103,0.666667,0.333333,0,1,3,1,"hv",29,"93",1,854,112,0.75,0.25,12
1.674785,0,0.8,0.692308,0.307692,0,0,3,1,"hv",30,"93",1,854,112,0.75,0.25,13
4.587479,0,0.806452,0.714286,0.285714,0,0,3,1,"hv",31,"93",1,854,112,0.75,0.25,14
1.704539,0,0.8125,0.733333,0.266667,0,0,3,1,"hv",32,"93",1,854,112,0.75,0.25,15
2.306677,0,0.818182,0.75,0.25,0,0,3,1,"hv",33,"93",1,854,112,0.75,0.25,16
1.945282,0,0.823529,0.764706,0.235294,0,0,3,1,"hv",34,"93",1,854,112,0.75,0.25,17
4.050775,0,0.828571,0.777778,0.222222,0,0,3,1,"hv",35,"93",1,854,112,0.75,0.25,18
1.67839,0,0.833333,0.789474,0.210526,0,0,3,1,"hv",36,"93",1,854,112,0.75,0.25,19
5.028867,0,0.837838,0.8,0.2,0,0,3,1,"hv",37,"93",1,854,112,0.75,0.25,20
0,2.321428,0.815789,0.761905,0.238095,0,1,3,1,"hv",38,"93",1,854,112,0.75,0.25,21
0,2.207355,0.794872,0.727273,0.272727,0,0,3,1,"hv",39,"93",1,854,112,0.75,0.25,22
3.462032,0,0.8,0.73913,0.26087,0,1,3,1,"hv",40,"93",1,854,112,0.75,0.25,23
1.749291,0,0.804878,0.75,0.25,0,0,3,1,"hv",41,"93",1,854,112,0.75,0.25,24
3.921623,0,0.785714,1,0,1,0,3,1,"hv",42,"93",2,854,111,0.25,0.75,1
3.330611,0,0.767442,1,0,0,0,3,1,"hv",43,"93",2,854,111,0.25,0.75,2
2.646132,0,0.75,1,0,0,0,3,1,"hv",44,"93",2,854,111,0.25,0.75,3
0,1.393292,0.755556,0.75,0.25,0,1,3,1,"hv",45,"93",2,854,111,0.25,0.75,4
0,2.454503,0.76087,0.6,0.4,0,0,3,1,"hv",46,"93",2,854,111,0.25,0.75,5
0,2.294893,0.765957,0.5,0.5,0,0,3,1,"hv",47,"93",2,854,111,0.25,0.75,6
0,1.95251,0.770833,0.428571,0.571429,0,0,3,1,"hv",48,"93",2,854,111,0.25,0.75,7
0,3.330867,0.77551,0.375,0.625,0,0,3,1,"hv",49,"93",2,854,111,0.25,0.75,8
0,1.306502,0.78,0.333333,0.666667,0,0,3,1,"hv",50,"93",2,854,111,0.25,0.75,9
0,3.220089,0.784314,0.3,0.7,0,0,3,1,"hv",51,"93",2,854,111,0.25,0.75,10
1.536664,0,0.769231,0.363636,0.636364,0,1,3,1,"hv",52,"93",2,854,111,0.25,0.75,11
3.170535,0,0.773585,1,0,1,0,3,1,"hv",53,"93",3,854,112,0.75,0.25,1
4.319548,0,0.777778,1,0,0,0,3,1,"hv",54,"93",3,854,112,0.75,0.25,2
0,2.399173,0.763636,0.666667,0.333333,0,1,3,1,"hv",55,"93",3,854,112,0.75,0.25,3
2.763332,0,0.767857,0.75,0.25,0,1,3,1,"hv",56,"93",3,854,112,0.75,0.25,4
2.35748,0,0.77193,0.8,0.2,0,0,3,1,"hv",57,"93",3,854,112,0.75,0.25,5
3.635833,0,0.775862,0.833333,0.166667,0,0,3,1,"hv",58,"93",3,854,112,0.75,0.25,6
3.025893,0,0.779661,0.857143,0.142857,0,0,3,1,"hv",59,"93",3,854,112,0.75,0.25,7
1.67504,0,0.783333,0.875,0.125,0,0,3,1,"hv",60,"93",3,854,112,0.75,0.25,8
2.48675,0,0.786885,0.888889,0.111111,0,0,3,1,"hv",61,"93",3,854,112,0.75,0.25,9
3.292474,0,0.790323,0.9,0.1,0,0,3,1,"hv",62,"93",3,854,112,0.75,0.25,10
2.449168,0,0.793651,0.909091,0.090909,0,0,3,1,"hv",63,"93",3,854,112,0.75,0.25,11
3.364908,0,0.796875,0.916667,0.083333,0,0,3,1,"hv",64,"93",3,854,112,0.75,0.25,12
3.114788,0,0.8,0.923077,0.076923,0,0,3,1,"hv",65,"93",3,854,112,0.75,0.25,13
0,5.232261,0.787879,0.857143,0.142857,0,1,3,1,"hv",66,"93",3,854,112,0.75,0.25,14
0,2.955377,0.791045,0,1,1,0,3,1,"hv",67,"93",4,854,111,0.25,0.75,1
0.897853,0,0.779412,0.5,0.5,0,1,3,1,"hv",68,"93",4,854,111,0.25,0.75,2
0,1.656638,0.782609,0.333333,0.666667,0,1,3,1,"hv",69,"93",4,854,111,0.25,0.75,3
0,1.463849,0.785714,0.25,0.75,0,0,3,1,"hv",70,"93",4,854,111,0.25,0.75,4
0,3.107519,0.788732,0.2,0.8,0,0,3,1,"hv",71,"93",4,854,111,0.25,0.75,5
0,3.663883,0.791667,0.166667,0.833333,0,0,3,1,"hv",72,"93",4,854,111,0.25,0.75,6
3.046146,0,0.780822,0.285714,0.714286,0,1,3,1,"hv",73,"93",4,854,111,0.25,0.75,7
2.457805,0,0.77027,0.375,0.625,0,0,3,1,"hv",74,"93",4,854,111,0.25,0.75,8
0,3.573212,0.773333,0.333333,0.666667,0,1,3,1,"hv",75,"93",4,854,111,0.25,0.75,9
0,4.606375,0.776316,0.3,0.7,0,0,3,1,"hv",76,"93",4,854,111,0.25,0.75,10
0,1.863307,0.779221,0.272727,0.727273,0,0,3,1,"hv",77,"93",4,854,111,0.25,0.75,11
3.692575,0,0.769231,0.333333,0.666667,0,1,3,1,"hv",78,"93",4,854,111,0.25,0.75,12
0,2.319573,0.772152,0.307692,0.692308,0,1,3,1,"hv",79,"93",4,854,111,0.25,0.75,13
0,3.197772,0.775,0.285714,0.714286,0,0,3,1,"hv",80,"93",4,854,111,0.25,0.75,14
0,1.934028,0.777778,0.266667,0.733333,0,0,3,1,"hv",81,"93",4,854,111,0.25,0.75,15
0,3.783716,0.780488,0.25,0.75,0,0,3,1,"hv",82,"93",4,854,111,0.25,0.75,16
0,3.585424,0.783133,0.235294,0.764706,0,0,3,1,"hv",83,"93",4,854,111,0.25,0.75,17
0,1.463212,0.785714,0.222222,0.777778,0,0,3,1,"hv",84,"93",4,854,111,0.25,0.75,18
0,1.54582,0.788235,0.210526,0.789474,0,0,3,1,"hv",85,"93",4,854,111,0.25,0.75,19
0,3.753994,0.790698,0.2,0.8,0,0,3,1,"hv",86,"93",4,854,111,0.25,0.75,20
0,3.57747,0.793103,0.190476,0.809524,0,0,3,1,"hv",87,"93",4,854,111,0.25,0.75,21
3.717617,0,0.784091,0.227273,0.772727,0,1,3,1,"hv",88,"93",4,854,111,0.25,0.75,22
1.748808,0,0.786517,1,0,1,0,3,1,"hv",89,"93",5,854,112,0.75,0.25,1
3.344697,0,0.788889,1,0,0,0,3,1,"hv",90,"93",5,854,112,0.75,0.25,2
4.314505,0,0.791209,1,0,0,0,3,1,"hv",91,"93",5,854,112,0.75,0.25,3
1.698231,0,0.793478,1,0,0,0,3,1,"hv",92,"93",5,854,112,0.75,0.25,4
0,3.01359,0.784946,0.8,0.2,0,1,3,1,"hv",93,"93",5,854,112,0.75,0.25,5
1.184651,0,0.787234,0.833333,0.166667,0,1,3,1,"hv",94,"93",5,854,112,0.75,0.25,6
0,2.910427,0.778947,0.714286,0.285714,0,1,3,1,"hv",95,"93",5,854,112,0.75,0.25,7
0,2.128418,0.770833,0.625,0.375,0,0,3,1,"hv",96,"93",5,854,112,0.75,0.25,8
1.898109,0,0.773196,0.666667,0.333333,0,1,3,1,"hv",97,"93",5,854,112,0.75,0.25,9
3.151982,0,0.77551,0.7,0.3,0,0,3,1,"hv",98,"93",5,854,112,0.75,0.25,10
3.082979,0,0.777778,0.727273,0.272727,0,0,3,1,"hv",99,"93",5,854,112,0.75,0.25,11
2.345619,0,0.78,0.75,0.25,0,0,3,1,"hv",100,"93",5,854,112,0.75,0.25,12
3.234596,0,0.782178,0.769231,0.230769,0,0,3,1,"hv",101,"93",5,854,112,0.75,0.25,13
0.72497,0,0.784314,0.785714,0.214286,0,0,3,1,"hv",102,"93",5,854,112,0.75,0.25,14
2.469582,0,0.786408,0.8,0.2,0,0,3,1,"hv",103,"93",5,854,112,0.75,0.25,15
2.310712,0,0.788462,0.8125,0.1875,0,0,3,1,"hv",104,"93",5,854,112,0.75,0.25,16
1.768345,0,0.790476,0.823529,0.176471,0,0,3,1,"hv",105,"93",5,854,112,0.75,0.25,17
0,2.103996,0.792453,0,1,1,1,3,1,"hv",106,"93",6,854,111,0.25,0.75,1
0,3.77263,0.794393,0,1,0,0,3,1,"hv",107,"93",6,854,111,0.25,0.75,2
3.153695,0,0.787037,0.333333,0.666667,0,1,3,1,"hv",108,"93",6,854,111,0.25,0.75,3
0,3.21269,0.788991,0.25,0.75,0,1,3,1,"hv",109,"93",6,854,111,0.25,0.75,4
0,2.772985,0.790909,0.2,0.8,0,0,3,1,"hv",110,"93",6,854,111,0.25,0.75,5
1.751271,0,0.783784,0.333333,0.666667,0,1,3,1,"hv",111,"93",6,854,111,0.25,0.75,6
0,1.060951,0.785714,0.285714,0.714286,0,1,3,1,"hv",112,"93",6,854,111,0.25,0.75,7
0,4.938472,0.787611,0.25,0.75,0,0,3,1,"hv",113,"93",6,854,111,0.25,0.75,8
2.992987,0,0.780702,0.333333,0.666667,0,1,3,1,"hv",114,"93",6,854,111,0.25,0.75,9
0,3.868658,0.782609,0.3,0.7,0,1,3,1,"hv",115,"93",6,854,111,0.25,0.75,10
0,2.581292,0.784483,0.272727,0.727273,0,0,3,1,"hv",116,"93",6,854,111,0.25,0.75,11
0,2.097088,0.786325,0.25,0.75,0,0,3,1,"hv",117,"93",6,854,111,0.25,0.75,12
0,4.215191,0.788136,0.230769,0.769231,0,0,3,1,"hv",118,"93",6,854,111,0.25,0.75,13
0,2.338349,0.789916,0.214286,0.785714,0,0,3,1,"hv",119,"93",6,854,111,0.25,0.75,14
0,2.852553,0.791667,0.2,0.8,0,0,3,1,"hv",120,"93",6,854,111,0.25,0.75,15
3.036846,0,0.785124,0.25,0.75,0,1,3,1,"hv",121,"93",6,854,111,0.25,0.75,16
0,4.321727,0.786885,0.235294,0.764706,0,1,3,1,"hv",122,"93",6,854,111,0.25,0.75,17
0,3.644493,0.788618,0.222222,0.777778,0,0,3,1,"hv",123,"93",6,854,111,0.25,0.75,18
4.203006,0,0.782258,0.263158,0.736842,0,1,3,1,"hv",124,"93",6,854,111,0.25,0.75,19
4.039658,0,0.776,0.3,0.7,0,0,3,1,"hv",125,"93",6,854,111,0.25,0.75,20
0,3.663967,0.777778,0.285714,0.714286,0,1,3,1,"hv",126,"93",6,854,111,0.25,0.75,21
0,3.891998,0.771654,0,1,1,0,3,1,"hv",127,"93",7,854,112,0.75,0.25,1
0,3.469497,0.765625,0,1,0,0,3,1,"hv",128,"93",7,854,112,0.75,0.25,2
0,3.428794,0.75969,0,1,0,0,3,1,"hv",129,"93",7,854,112,0.75,0.25,3
1.952206,0,0.761538,0.25,0.75,0,1,3,1,"hv",130,"93",7,854,112,0.75,0.25,4
0,1.627826,0.755725,0.2,0.8,0,1,3,1,"hv",131,"93",7,854,112,0.75,0.25,5
3.007888,0,0.757576,0.333333,0.666667,0,1,3,1,"hv",132,"93",7,854,112,0.75,0.25,6
3.377901,0,0.759398,0.428571,0.571429,0,0,3,1,"hv",133,"93",7,854,112,0.75,0.25,7
0,3.525956,0.753731,0.375,0.625,0,1,3,1,"hv",134,"93",7,854,112,0.75,0.25,8
1.756071,0,0.755556,0.444444,0.555556,0,1,3,1,"hv",135,"93",7,854,112,0.75,0.25,9
3.341772,0,0.757353,0.5,0.5,0,0,3,1,"hv",136,"93",7,854,112,0.75,0.25,10
3.418749,0,0.759124,0.545455,0.454545,0,0,3,1,"hv",137,"93",7,854,112,0.75,0.25,11
5.134498,0,0.76087,0.583333,0.416667,0,0,3,1,"hv",138,"93",7,854,112,0.75,0.25,12
0,1.94707,0.76259,0,1,1,1,3,1,"hv",139,"93",8,854,111,0.25,0.75,1
0,2.109505,0.764286,0,1,0,0,3,1,"hv",140,"93",8,854,111,0.25,0.75,2
0,3.571491,0.765957,0,1,0,0,3,1,"hv",141,"93",8,854,111,0.25,0.75,3
3.26805,0,0.760563,0.25,0.75,0,1,3,1,"hv",142,"93",8,854,111,0.25,0.75,4
0,1.517278,0.762238,0.2,0.8,0,1,3,1,"hv",143,"93",8,854,111,0.25,0.75,5
5.405297,0,0.756944,0.333333,0.666667,0,1,3,1,"hv",144,"93",8,854,111,0.25,0.75,6
0,2.906393,0.758621,0.285714,0.714286,0,1,3,1,"hv",145,"93",8,854,111,0.25,0.75,7
0,2.832685,0.760274,0.25,0.75,0,0,3,1,"hv",146,"93",8,854,111,0.25,0.75,8
0,1.85264,0.761905,0.222222,0.777778,0,0,3,1,"hv",147,"93",8,854,111,0.25,0.75,9
0,2.325023,0.763514,0.2,0.8,0,0,3,1,"hv",148,"93",8,854,111,0.25,0.75,10
0,2.299338,0.765101,0.181818,0.818182,0,0,3,1,"hv",149,"93",8,854,111,0.25,0.75,11
3.176769,0,0.76,0.25,0.75,0,1,3,1,"hv",150,"93",8,854,111,0.25,0.75,12
0,2.225133,0.761589,0.230769,0.769231,0,1,3,1,"hv",151,"93",8,854,111,0.25,0.75,13
0,4.222638,0.763158,0.214286,0.785714,0,0,3,1,"hv",152,"93",8,854,111,0.25,0.75,14
2.659885,0,0.764706,1,0,1,1,3,1,"hv",153,"93",9,854,112,0.75,0.25,1
3.443538,0,0.766234,1,0,0,0,3,1,"hv",154,"93",9,854,112,0.75,0.25,2
0,3.284821,0.76129,0.666667,0.333333,0,1,3,1,"hv",155,"93",9,854,112,0.75,0.25,3
3.847199,0,0.762821,0.75,0.25,0,1,3,1,"hv",156,"93",9,854,112,0.75,0.25,4
2.67968,0,0.764331,0.8,0.2,0,0,3,1,"hv",157,"93",9,854,112,0.75,0.25,5
1.824257,0,0.765823,0.833333,0.166667,0,0,3,1,"hv",158,"93",9,854,112,0.75,0.25,6
0,2.437391,0.761006,0.714286,0.285714,0,1,3,1,"hv",159,"93",9,854,112,0.75,0.25,7
2.270783,0,0.7625,0.75,0.25,0,1,3,1,"hv",160,"93",9,854,112,0.75,0.25,8
0,2.10941,0.757764,0.666667,0.333333,0,1,3,1,"hv",161,"93",9,854,112,0.75,0.25,9
1.529781,0,0.759259,0.7,0.3,0,1,3,1,"hv",162,"93",9,854,112,0.75,0.25,10
2.69665,0,0.760736,0.727273,0.272727,0,0,3,1,"hv",163,"93",9,854,112,0.75,0.25,11
0,2.652444,0.756098,0.666667,0.333333,0,1,3,1,"hv",164,"93",9,854,112,0.75,0.25,12
1.605835,0,0.757576,0.692308,0.307692,0,1,3,1,"hv",165,"93",9,854,112,0.75,0.25,13
2.735153,0,0.753012,1,0,1,0,3,1,"hv",166,"93",10,854,111,0.25,0.75,1
0,1.555048,0.754491,0.5,0.5,0,1,3,1,"hv",167,"93",10,854,111,0.25,0.75,2
0,2.070096,0.755952,0.333333,0.666667,0,0,3,1,"hv",168,"93",10,854,111,0.25,0.75,3
0,3.287719,0.757396,0.25,0.75,0,0,3,1,"hv",169,"93",10,854,111,0.25,0.75,4
0,3.347148,0.758824,0.2,0.8,0,0,3,1,"hv",170,"93",10,854,111,0.25,0.75,5
0,4.058317,0.760234,0.166667,0.833333,0,0,3,1,"hv",171,"93",10,854,111,0.25,0.75,6
0,2.29819,0.761628,0.142857,0.857143,0,0,3,1,"hv",172,"93",10,854,111,0.25,0.75,7
1.723094,0,0.757225,0.25,0.75,0,1,3,1,"hv",173,"93",10,854,111,0.25,0.75,8
0,2.945779,0.758621,0.222222,0.777778,0,1,3,1,"hv",174,"93",10,854,111,0.25,0.75,9
0,2.196113,0.76,0.2,0.8,0,0,3,1,"hv",175,"93",10,854,111,0.25,0.75,10
0,5.166576,0.761364,0.181818,0.818182,0,0,3,1,"hv",176,"93",10,854,111,0.25,0.75,11
0,3.001159,0.762712,0.166667,0.833333,0,0,3,1,"hv",177,"93",10,854,111,0.25,0.75,12
2.901423,0,0.758427,0.230769,0.769231,0,1,3,1,"hv",178,"93",10,854,111,0.25,0.75,13
0,3.518894,0.759777,0.214286,0.785714,0,1,3,1,"hv",179,"93",10,854,111,0.25,0.75,14
0,3.109761,0.761111,0.2,0.8,0,0,3,1,"hv",180,"93",10,854,111,0.25,0.75,15
0,3.222819,0.762431,0.1875,0.8125,0,0,3,1,"hv",181,"93",10,854,111,0.25,0.75,16
2.993379,0,0.763736,1,0,1,1,3,1,"hv",182,"93",11,854,112,0.75,0.25,1
2.604467,0,0.765027,1,0,0,0,3,1,"hv",183,"93",11,854,112,0.75,0.25,2
3.187907,0,0.766304,1,0,0,0,3,1,"hv",184,"93",11,854,112,0.75,0.25,3
4.913069,0,0.767568,1,0,0,0,3,1,"hv",185,"93",11,854,112,0.75,0.25,4
3.990737,0,0.768817,1,0,0,0,3,1,"hv",186,"93",11,854,112,0.75,0.25,5
1.824974,0,0.770053,1,0,0,0,3,1,"hv",187,"93",11,854,112,0.75,0.25,6
2.443194,0,0.771277,1,0,0,0,3,1,"hv",188,"93",11,854,112,0.75,0.25,7
2.297704,0,0.772487,1,0,0,0,3,1,"hv",189,"93",11,854,112,0.75,0.25,8
0,3.708342,0.768421,0.888889,0.111111,0,1,3,1,"hv",190,"93",11,854,112,0.75,0.25,9
0,0.828819,0.764398,0.8,0.2,0,0,3,1,"hv",191,"93",11,854,112,0.75,0.25,10
5.34519,0,0.765625,0.818182,0.181818,0,1,3,1,"hv",192,"93",11,854,112,0.75,0.25,11
3.052583,0,0.766839,0.833333,0.166667,0,0,3,1,"hv",193,"93",11,854,112,0.75,0.25,12
0,1.980018,0.762887,0.769231,0.230769,0,1,3,1,"hv",194,"93",11,854,112,0.75,0.25,13
3.578376,0,0.764103,0.785714,0.214286,0,1,3,1,"hv",195,"93",11,854,112,0.75,0.25,14
2.790135,0,0.765306,0.8,0.2,0,0,3,1,"hv",196,"93",11,854,112,0.75,0.25,15
0,1.468658,0.761421,0.75,0.25,0,1,3,1,"hv",197,"93",11,854,112,0.75,0.25,16
0,2.496482,0.757576,0.705882,0.294118,0,0,3,1,"hv",198,"93",11,854,112,0.75,0.25,17
4.793244,0,0.758794,0.722222,0.277778,0,1,3,1,"hv",199,"93",11,854,112,0.75,0.25,18
3.272007,0,0.76,0.736842,0.263158,0,0,3,1,"hv",200,"93",11,854,112,0.75,0.25,19
3.170809,0,0.761194,0.75,0.25,0,0,3,1,"hv",201,"93",11,854,112,0.75,0.25,20
0,3.103217,0.762376,0,1,1,1,3,1,"hv",202,"93",12,854,111,0.25,0.75,1
0,3.36088,0.763547,0,1,0,0,3,1,"hv",203,"93",12,854,111,0.25,0.75,2
1.63926,0,0.759804,0.333333,0.666667,0,1,3,1,"hv",204,"93",12,854,111,0.25,0.75,3
4.160224,0,0.756098,0.5,0.5,0,0,3,1,"hv",205,"93",12,854,111,0.25,0.75,4
3.196041,0,0.752427,0.6,0.4,0,0,3,1,"hv",206,"93",12,854,111,0.25,0.75,5
0,2.7611,0.753623,0.5,0.5,0,1,3,1,"hv",207,"93",12,854,111,0.25,0.75,6
0,4.280952,0.754808,0.428571,0.571429,0,0,3,1,"hv",208,"93",12,854,111,0.25,0.75,7
0,2.258969,0.755981,0.375,0.625,0,0,3,1,"hv",209,"93",12,854,111,0.25,0.75,8
0,2.380608,0.757143,0.333333,0.666667,0,0,3,1,"hv",210,"93",12,854,111,0.25,0.75,9
0,1.659623,0.758294,0.3,0.7,0,0,3,1,"hv",211,"93",12,854,111,0.25,0.75,10
5.527947,0,0.754717,0.363636,0.636364,0,1,3,1,"hv",212,"93",12,854,111,0.25,0.75,11
4.876864,0,0.755869,1,0,1,0,3,1,"hv",213,"93",13,854,112,0.75,0.25,1
2.098224,0,0.757009,1,0,0,0,3,1,"hv",214,"93",13,854,112,0.75,0.25,2
3.366367,0,0.75814,1,0,0,0,3,1,"hv",215,"93",13,854,112,0.75,0.25,3
1.3574,0,0.759259,1,0,0,0,3,1,"hv",216,"93",13,854,112,0.75,0.25,4
2.662681,0,0.760369,1,0,0,0,3,1,"hv",217,"93",13,854,112,0.75,0.25,5
3.574067,0,0.761468,1,0,0,0,3,1,"hv",218,"93",13,854,112,0.75,0.25,6
2.814026,0,0.762557,1,0,0,0,3,1,"hv",219,"93",13,854,112,0.75,0.25,7
2.345325,0,0.763636,1,0,0,0,3,1,"hv",220,"93",13,854,112,0.75,0.25,8
0,4.274564,0.760181,0.888889,0.111111,0,1,3,1,"hv",221,"93",13,854,112,0.75,0.25,9
3.676638,0,0.761261,0.9,0.1,0,1,3,1,"hv",222,"93",13,854,112,0.75,0.25,10
0,3.62608,0.757848,0.818182,0.181818,0,1,3,1,"hv",223,"93",13,854,112,0.75,0.25,11
0,3.661023,0.754464,0.75,0.25,0,0,3,1,"hv",224,"93",13,854,112,0.75,0.25,12
1.568153,0,0.755556,0.769231,0.230769,0,1,3,1,"hv",225,"93",13,854,112,0.75,0.25,13
0,4.039805,0.752212,0.714286,0.285714,0,1,3,1,"hv",226,"93",13,854,112,0.75,0.25,14
3.055593,0,0.753304,0.733333,0.266667,0,1,3,1,"hv",227,"93",13,854,112,0.75,0.25,15
1.649468,0,0.754386,0.75,0.25,0,0,3,1,"hv",228,"93",13,854,112,0.75,0.25,16
3.382814,0,0.755459,0.764706,0.235294,0,0,3,1,"hv",229,"93",13,854,112,0.75,0.25,17
2.247576,0,0.756522,0.777778,0.222222,0,0,3,1,"hv",230,"93",13,854,112,0.75,0.25,18
3.081819,0,0.757576,0.789474,0.210526,0,0,3,1,"hv",231,"93",13,854,112,0.75,0.25,19
3.896569,0,0.758621,0.8,0.2,0,0,3,1,"hv",232,"93",13,854,112,0.75,0.25,20
0,3.16213,0.759657,0,1,1,1,3,1,"hv",233,"93",14,854,111,0.25,0.75,1
0,4.169442,0.760684,0,1,0,0,3,1,"hv",234,"93",14,854,111,0.25,0.75,2
2.613222,0,0.757447,0.333333,0.666667,0,1,3,1,"hv",235,"93",14,854,111,0.25,0.75,3
2.939343,0,0.754237,0.5,0.5,0,0,3,1,"hv",236,"93",14,854,111,0.25,0.75,4
0,4.904351,0.755274,0.4,0.6,0,1,3,1,"hv",237,"93",14,854,111,0.25,0.75,5
0,3.051888,0.756303,0.333333,0.666667,0,0,3,1,"hv",238,"93",14,854,111,0.25,0.75,6
0,4.426325,0.757322,0.285714,0.714286,0,0,3,1,"hv",239,"93",14,854,111,0.25,0.75,7
0,2.224608,0.758333,0.25,0.75,0,0,3,1,"hv",240,"93",14,854,111,0.25,0.75,8
0,3.145803,0.759336,0.222222,0.777778,0,0,3,1,"hv",241,"93",14,854,111,0.25,0.75,9
0,2.493193,0.760331,0.2,0.8,0,0,3,1,"hv",242,"93",14,854,111,0.25,0.75,10
0,4.109785,0.761317,0.181818,0.818182,0,0,3,1,"hv",243,"93",14,854,111,0.25,0.75,11
0,2.269297,0.762295,0.166667,0.833333,0,0,3,1,"hv",244,"93",14,854,111,0.25,0.75,12
0,3.070514,0.763265,0.153846,0.846154,0,0,3,1,"hv",245,"93",14,854,111,0.25,0.75,13
0,2.196256,0.764228,0.142857,0.857143,0,0,3,1,"hv",246,"93",14,854,111,0.25,0.75,14
0,3.564254,0.765182,0.133333,0.866667,0,0,3,1,"hv",247,"93",14,854,111,0.25,0.75,15
0,2.16614,0.766129,0.125,0.875,0,0,3,1,"hv",248,"93",14,854,111,0.25,0.75,16
2.260937,0,0.767068,1,0,1,1,3,1,"hv",249,"93",15,854,112,0.75,0.25,1
3.103945,0,0.768,1,0,0,0,3,1,"hv",250,"93",15,854,112,0.75,0.25,2
0,1.590843,0.76494,0.666667,0.333333,0,1,3,1,"hv",251,"93",15,854,112,0.75,0.25,3
3.539961,0,0.765873,0.75,0.25,0,1,3,1,"hv",252,"93",15,854,112,0.75,0.25,4
0.889164,0,0.766798,0.8,0.2,0,0,3,1,"hv",253,"93",15,854,112,0.75,0.25,5
3.874941,0,0.767717,0.833333,0.166667,0,0,3,1,"hv",254,"93",15,854,112,0.75,0.25,6
4.404581,0,0.768627,0.857143,0.142857,0,0,3,1,"hv",255,"93",15,854,112,0.75,0.25,7
2.481431,0,0.769531,0.875,0.125,0,0,3,1,"hv",256,"93",15,854,112,0.75,0.25,8
3.221098,0,0.770428,0.888889,0.111111,0,0,3,1,"hv",257,"93",15,854,112,0.75,0.25,9
2.170116,0,0.771318,0.9,0.1,0,0,3,1,"hv",258,"93",15,854,112,0.75,0.25,10
2.552671,0,0.772201,0.909091,0.090909,0,0,3,1,"hv",259,"93",15,854,112,0.75,0.25,11
2.976174,0,0.773077,0.916667,0.083333,0,0,3,1,"hv",260,"93",15,854,112,0.75,0.25,12
5.19594,0,0.773946,0.923077,0.076923,0,0,3,1,"hv",261,"93",15,854,112,0.75,0.25,13
0,2.539145,0.774809,0,1,1,1,3,1,"hv",262,"93",16,854,111,0.25,0.75,1
0,3.563474,0.775665,0,1,0,0,3,1,"hv",263,"93",16,854,111,0.25,0.75,2
3.795512,0,0.772727,0.333333,0.666667,0,1,3,1,"hv",264,"93",16,854,111,0.25,0.75,3
0,3.232849,0.773585,0.25,0.75,0,1,3,1,"hv",265,"93",16,854,111,0.25,0.75,4
0,3.282853,0.774436,0.2,0.8,0,0,3,1,"hv",266,"93",16,854,111,0.25,0.75,5
4.110518,0,0.771536,0.333333,0.666667,0,1,3,1,"hv",267,"93",16,854,111,0.25,0.75,6
2.956963,0,0.768657,0.428571,0.571429,0,0,3,1,"hv",268,"93",16,854,111,0.25,0.75,7
0,0.833393,0.769517,0.375,0.625,0,1,3,1,"hv",269,"93",16,854,111,0.25,0.75,8
0,3.494592,0.77037,0.333333,0.666667,0,0,3,1,"hv",270,"93",16,854,111,0.25,0.75,9
0,1.500017,0.771218,0.3,0.7,0,0,3,1,"hv",271,"93",16,854,111,0.25,0.75,10
0,1.983146,0.772059,0.272727,0.727273,0,0,3,1,"hv",272,"93",16,854,111,0.25,0.75,11
0,3.574511,0.772894,0.25,0.75,0,0,3,1,"hv",273,"93",16,854,111,0.25,0.75,12
3.335203,0,0.773723,1,0,1,1,3,1,"hv",274,"93",17,854,112,0.75,0.25,1
0,1.925848,0.770909,0.5,0.5,0,1,3,1,"hv",275,"93",17,854,112,0.75,0.25,2
3.016726,0,0.771739,0.666667,0.333333,0,1,3,1,"hv",276,"93",17,854,112,0.75,0.25,3
0,3.035789,0.768953,0.5,0.5,0,1,3,1,"hv",277,"93",17,854,112,0.75,0.25,4
4.580965,0,0.769784,0.6,0.4,0,1,3,1,"hv",278,"93",17,854,112,0.75,0.25,5
3.668077,0,0.770609,0.666667,0.333333,0,0,3,1,"hv",279,"93",17,854,112,0.75,0.25,6
1.907306,0,0.771429,0.714286,0.285714,0,0,3,1,"hv",280,"93",17,854,112,0.75,0.25,7
3.180246,0,0.772242,0.75,0.25,0,0,3,1,"hv",281,"93",17,854,112,0.75,0.25,8
3.109655,0,0.77305,0.777778,0.222222,0,0,3,1,"hv",282,"93",17,854,112,0.75,0.25,9
2.405546,0,0.773852,0.8,0.2,0,0,3,1,"hv",283,"93",17,854,112,0.75,0.25,10
3.055229,0,0.774648,0.818182,0.181818,0,0,3,1,"hv",284,"93",17,854,112,0.75,0.25,11
3.486805,0,0.775439,0.833333,0.166667,0,0,3,1,"hv",285,"93",17,854,112,0.75,0.25,12
0,2.370559,0.776224,0,1,1,1,3,1,"hv",286,"93",18,854,111,0.25,0.75,1
0,3.615648,0.777003,0,1,0,0,3,1,"hv",287,"93",18,854,111,0.25,0.75,2
0,3.170103,0.777778,0,1,0,0,3,1,"hv",288,"93",18,854,111,0.25,0.75,3
0,2.843117,0.778547,0,1,0,0,3,1,"hv",289,"93",18,854,111,0.25,0.75,4
0,1.079681,0.77931,0,1,0,0,3,1,"hv",290,"93",18,854,111,0.25,0.75,5
0,3.331967,0.780069,0,1,0,0,3,1,"hv",291,"93",18,854,111,0.25,0.75,6
3.073613,0,0.777397,0.142857,0.857143,0,1,3,1,"hv",292,"93",18,854,111,0.25,0.75,7
0,2.524756,0.778157,0.125,0.875,0,1,3,1,"hv",293,"93",18,854,111,0.25,0.75,8
0,2.641639,0.778912,0.111111,0.888889,0,0,3,1,"hv",294,"93",18,854,111,0.25,0.75,9
0,3.125835,0.779661,0.1,0.9,0,0,3,1,"hv",295,"93",18,854,111,0.25,0.75,10
0,2.036858,0.780405,0.090909,0.909091,0,0,3,1,"hv",296,"93",18,854,111,0.25,0.75,11
0,4.418922,0.781145,0.083333,0.916667,0,0,3,1,"hv",297,"93",18,854,111,0.25,0.75,12
1.868982,0,0.778523,0.153846,0.846154,0,1,3,1,"hv",298,"93",18,854,111,0.25,0.75,13
0.787516,0,0.77592,0.214286,0.785714,0,0,3,1,"hv",299,"93",18,854,111,0.25,0.75,14
0,1.965386,0.776667,0.2,0.8,0,1,3,1,"hv",300,"93",18,854,111,0.25,0.75,15
0,2.898499,0.772277,0,1,1,0,3,1,"hv",301,"93",19,854,112,0.75,0.25,1
2.603697,0,0.773026,0.5,0.5,0,1,3,1,"hv",302,"93",19,854,112,0.75,0.25,2
3.084912,0,0.77377,0.666667,0.333333,0,0,3,1,"hv",303,"93",19,854,112,0.75,0.25,3
0,3.717334,0.771242,0.5,0.5,0,1,3,1,"hv",304,"93",19,854,112,0.75,0.25,4
1.264173,0,0.771987,0.6,0.4,0,1,3,1,"hv",305,"93",19,854,112,0.75,0.25,5
3.334583,0,0.772727,0.666667,0.333333,0,0,3,1,"hv",306,"93",19,854,112,0.75,0.25,6
0,-0.10074,0.770227,0.571429,0.428571,0,1,3,1,"hv",307,"93",19,854,112,0.75,0.25,7
0,4.275166,0.767742,0.5,0.5,0,0,3,1,"hv",308,"93",19,854,112,0.75,0.25,8
1.817026,0,0.768489,0.555556,0.444444,0,1,3,1,"hv",309,"93",19,854,112,0.75,0.25,9
3.283832,0,0.769231,0.6,0.4,0,0,3,1,"hv",310,"93",19,854,112,0.75,0.25,10
1.99273,0,0.769968,0.636364,0.363636,0,0,3,1,"hv",311,"93",19,854,112,0.75,0.25,11
2.613415,0,0.770701,0.666667,0.333333,0,0,3,1,"hv",312,"93",19,854,112,0.75,0.25,12
2.238968,0,0.771429,0.692308,0.307692,0,0,3,1,"hv",313,"93",19,854,112,0.75,0.25,13
3.717529,0,0.772152,0.714286,0.285714,0,0,3,1,"hv",314,"93",19,854,112,0.75,0.25,14
0,3.581533,0.772871,0,1,1,1,3,1,"hv",315,"93",20,854,111,0.25,0.75,1
0,1.400926,0.773585,0,1,0,0,3,1,"hv",316,"93",20,854,111,0.25,0.75,2
0,2.665189,0.774295,0,1,0,0,3,1,"hv",317,"93",20,854,111,0.25,0.75,3
0,3.265634,0.775,0,1,0,0,3,1,"hv",318,"93",20,854,111,0.25,0.75,4
0,3.358865,0.775701,0,1,0,0,3,1,"hv",319,"93",20,854,111,0.25,0.75,5
0,1.866509,0.776398,0,1,0,0,3,1,"hv",320,"93",20,854,111,0.25,0.75,6
0,3.897143,0.77709,0,1,0,0,3,1,"hv",321,"93",20,854,111,0.25,0.75,7
0,3.354023,0.777778,0,1,0,0,3,1,"hv",322,"93",20,854,111,0.25,0.75,8
0,2.877533,0.778462,0,1,0,0,3,1,"hv",323,"93",20,854,111,0.25,0.75,9
0,4.602182,0.779141,0,1,0,0,3,1,"hv",324,"93",20,854,111,0.25,0.75,10
0,3.546763,0.779817,0,1,0,0,3,1,"hv",325,"93",20,854,111,0.25,0.75,11
0,2.8264,0.780488,0,1,0,0,3,1,"hv",326,"93",20,854,111,0.25,0.75,12
0,1.825644,0.781155,0,1,0,0,3,1,"hv",327,"93",20,854,111,0.25,0.75,13
0,5.817793,0.781818,0,1,0,0,3,1,"hv",328,"93",20,854,111,0.25,0.75,14
0,2.843864,0.782477,0,1,0,0,3,1,"hv",329,"93",20,854,111,0.25,0.75,15
0,1.763974,0.783133,0,1,0,0,3,1,"hv",330,"93",20,854,111,0.25,0.75,16
0,1.802281,0.783784,0,1,0,0,3,1,"hv",331,"93",20,854,111,0.25,0.75,17
0,1.878437,0.784431,0,1,0,0,3,1,"hv",332,"93",20,854,111,0.25,0.75,18
3.463949,0,0.78209,0.052632,0.947368,0,1,3,1,"hv",333,"93",20,854,111,0.25,0.75,19
3.308133,0,0.779762,0.1,0.9,0,0,3,1,"hv",334,"93",20,854,111,0.25,0.75,20
0,3.103834,0.780415,0.095238,0.904762,0,1,3,1,"hv",335,"93",20,854,111,0.25,0.75,21
3.48598,0,0.778107,0.136364,0.863636,0,1,3,1,"hv",336,"93",20,854,111,0.25,0.75,22
3.759322,0,0.778761,1,0,1,0,3,1,"hv",337,"93",21,854,112,0.75,0.25,1
3.012439,0,0.779412,1,0,0,0,3,1,"hv",338,"93",21,854,112,0.75,0.25,2
0,3.834702,0.777126,0.666667,0.333333,0,1,3,1,"hv",339,"93",21,854,112,0.75,0.25,3
0,2.684137,0.774854,0.5,0.5,0,0,3,1,"hv",340,"93",21,854,112,0.75,0.25,4
0,2.150013,0.772595,0.4,0.6,0,0,3,1,"hv",341,"93",21,854,112,0.75,0.25,5
3.574657,0,0.773256,0.5,0.5,0,1,3,1,"hv",342,"93",21,854,112,0.75,0.25,6
0,2.511867,0.771014,0.428571,0.571429,0,1,3,1,"hv",343,"93",21,854,112,0.75,0.25,7
2.938398,0,0.771676,0.5,0.5,0,1,3,1,"hv",344,"93",21,854,112,0.75,0.25,8
3.214647,0,0.772334,0.555556,0.444444,0,0,3,1,"hv",345,"93",21,854,112,0.75,0.25,9
2.739798,0,0.772989,0.6,0.4,0,0,3,1,"hv",346,"93",21,854,112,0.75,0.25,10
3.167227,0,0.773639,0.636364,0.363636,0,0,3,1,"hv",347,"93",21,854,112,0.75,0.25,11
3.581837,0,0.774286,0.666667,0.333333,0,0,3,1,"hv",348,"93",21,854,112,0.75,0.25,12
2.45017,0,0.774929,0.692308,0.307692,0,0,3,1,"hv",349,"93",21,854,112,0.75,0.25,13
2.552396,0,0.775568,0.714286,0.285714,0,0,3,1,"hv",350,"93",21,854,112,0.75,0.25,14
2.361703,0,0.776204,0.733333,0.266667,0,0,3,1,"hv",351,"93",21,854,112,0.75,0.25,15
1.6261,0,0.776836,0.75,0.25,0,0,3,1,"hv",352,"93",21,854,112,0.75,0.25,16
3.276033,0,0.777465,0.764706,0.235294,0,0,3,1,"hv",353,"93",21,854,112,0.75,0.25,17
3.130739,0,0.775281,1,0,1,0,3,1,"hv",354,"93",22,854,112,0.75,0.25,1
2.741375,0,0.773109,1,0,0,0,3,1,"hv",355,"93",22,854,112,0.75,0.25,2
0,2.887148,0.773743,0.666667,0.333333,0,1,3,1,"hv",356,"93",22,854,112,0.75,0.25,3
1.675414,0,0.771588,0.75,0.25,0,1,3,1,"hv",357,"93",22,854,112,0.75,0.25,4
0,1.490599,0.772222,0.6,0.4,0,1,3,1,"hv",358,"93",22,854,112,0.75,0.25,5
0,3.014803,0.772853,0.5,0.5,0,0,3,1,"hv",359,"93",22,854,112,0.75,0.25,6
0,2.314987,0.773481,0.428571,0.571429,0,0,3,1,"hv",360,"93",22,854,112,0.75,0.25,7
0,4.437781,0.774105,0.375,0.625,0,0,3,1,"hv",361,"93",22,854,112,0.75,0.25,8
0,3.516309,0.774725,0.333333,0.666667,0,0,3,1,"hv",362,"93",22,854,112,0.75,0.25,9
2.492609,0,0.772603,0.4,0.6,0,1,3,1,"hv",363,"93",22,854,112,0.75,0.25,10
4.946165,0,0.770492,0.454545,0.545455,0,0,3,1,"hv",364,"93",22,854,112,0.75,0.25,11
2.792778,0,0.768392,0.5,0.5,0,0,3,1,"hv",365,"93",22,854,112,0.75,0.25,12
5.094789,0,0.769022,1,0,1,0,3,1,"hv",366,"93",23,854,112,0.75,0.25,1
2.275781,0,0.769648,1,0,0,0,3,1,"hv",367,"93",23,854,112,0.75,0.25,2
5.408595,0,0.77027,1,0,0,0,3,1,"hv",368,"93",23,854,112,0.75,0.25,3
3.96187,0,0.770889,1,0,0,0,3,1,"hv",369,"93",23,854,112,0.75,0.25,4
0,1.881994,0.768817,0.8,0.2,0,1,3,1,"hv",370,"93",23,854,112,0.75,0.25,5
3.111968,0,0.769437,0.833333,0.166667,0,1,3,1,"hv",371,"93",23,854,112,0.75,0.25,6
3.577846,0,0.770053,0.857143,0.142857,0,0,3,1,"hv",372,"93",23,854,112,0.75,0.25,7
0,4.327675,0.768,0.75,0.25,0,1,3,1,"hv",373,"93",23,854,112,0.75,0.25,8
2.230733,0,0.768617,0.777778,0.222222,0,1,3,1,"hv",374,"93",23,854,112,0.75,0.25,9
0.996312,0,0.769231,0.8,0.2,0,0,3,1,"hv",375,"93",23,854,112,0.75,0.25,10
3.276625,0,0.769841,0.818182,0.181818,0,0,3,1,"hv",376,"93",23,854,112,0.75,0.25,11
4.173784,0,0.770449,0.833333,0.166667,0,0,3,1,"hv",377,"93",23,854,112,0.75,0.25,12
1.323745,0,0.771053,0.846154,0.153846,0,0,3,1,"hv",378,"93",23,854,112,0.75,0.25,13
0,4.558023,0.769029,0.785714,0.214286,0,1,3,1,"hv",379,"93",23,854,112,0.75,0.25,14
2.905495,0,0.769634,0.8,0.2,0,1,3,1,"hv",380,"93",23,854,112,0.75,0.25,15
0,4.781005,0.767624,0.75,0.25,0,1,3,1,"hv",381,"93",23,854,112,0.75,0.25,16
4.201089,0,0.768229,0.764706,0.235294,0,1,3,1,"hv",382,"93",23,854,112,0.75,0.25,17
1.500026,0,0.768831,0.777778,0.222222,0,0,3,1,"hv",383,"93",23,854,112,0.75,0.25,18
3.361023,0,0.76943,0.789474,0.210526,0,0,3,1,"hv",384,"93",23,854,112,0.75,0.25,19
1.950726,0,0.770026,0.8,0.2,0,0,3,1,"hv",385,"93",23,854,112,0.75,0.25,20
1.622552,0,0.770619,0.809524,0.190476,0,0,3,1,"hv",386,"93",23,854,112,0.75,0.25,21
0,3.627927,0.771208,0,1,1,1,3,1,"hv",387,"93",24,854,111,0.25,0.75,1
3.312435,0,0.769231,0.5,0.5,0,1,3,1,"hv",388,"93",24,854,111,0.25,0.75,2
0,2.569634,0.769821,0.333333,0.666667,0,1,3,1,"hv",389,"93",24,854,111,0.25,0.75,3
0,2.481837,0.770408,0.25,0.75,0,0,3,1,"hv",390,"93",24,854,111,0.25,0.75,4
2.89823,0,0.768448,0.4,0.6,0,1,3,1,"hv",391,"93",24,854,111,0.25,0.75,5
0,1.039976,0.769036,0.333333,0.666667,0,1,3,1,"hv",392,"93",24,854,111,0.25,0.75,6
3.292401,0,0.767089,0.428571,0.571429,0,1,3,1,"hv",393,"93",24,854,111,0.25,0.75,7
0,0.950716,0.767677,0.375,0.625,0,1,3,1,"hv",394,"93",24,854,111,0.25,0.75,8
0,1.439447,0.768262,0.333333,0.666667,0,0,3,1,"hv",395,"93",24,854,111,0.25,0.75,9
0,3.800946,0.768844,0.3,0.7,0,0,3,1,"hv",396,"93",24,854,111,0.25,0.75,10
0,2.789976,0.769424,0.272727,0.727273,0,0,3,1,"hv",397,"93",24,854,111,0.25,0.75,11
0,1.348869,0.77,0.25,0.75,0,0,3,1,"hv",398,"93",24,854,111,0.25,0.75,12
0,2.976804,0.770574,0.230769,0.769231,0,0,3,1,"hv",399,"93",24,854,111,0.25,0.75,13
0,1.897692,0.771144,0.214286,0.785714,0,0,3,1,"hv",400,"93",24,854,111,0.25,0.75,14
0,3.313372,0.771712,0.2,0.8,0,0,3,1,"hv",401,"93",24,854,111,0.25,0.75,15
4.031428,0,0.772277,1,0,1,1,3,1,"hv",402,"93",25,854,112,0.75,0.25,1
0,2.96593,0.77037,0.5,0.5,0,1,3,1,"hv",403,"93",25,854,112,0.75,0.25,2
2.591208,0,0.770936,0.666667,0.333333,0,1,3,1,"hv",404,"93",25,854,112,0.75,0.25,3
2.614055,0,0.771499,0.75,0.25,0,0,3,1,"hv",405,"93",25,854,112,0.75,0.25,4
1.9863,0,0.772059,0.8,0.2,0,0,3,1,"hv",406,"93",25,854,112,0.75,0.25,5
1.961513,0,0.772616,0.833333,0.166667,0,0,3,1,"hv",407,"93",25,854,112,0.75,0.25,6
2.95155,0,0.773171,0.857143,0.142857,0,0,3,1,"hv",408,"93",25,854,112,0.75,0.25,7
3.182442,0,0.773723,0.875,0.125,0,0,3,1,"hv",409,"93",25,854,112,0.75,0.25,8
0,2.196519,0.771845,0.777778,0.222222,0,1,3,1,"hv",410,"93",25,854,112,0.75,0.25,9
0,1.468299,0.769976,0.7,0.3,0,0,3,1,"hv",411,"93",25,854,112,0.75,0.25,10
2.52486,0,0.770531,0.727273,0.272727,0,1,3,1,"hv",412,"93",25,854,112,0.75,0.25,11
0,1.968953,0.768675,0.666667,0.333333,0,1,3,1,"hv",413,"93",25,854,112,0.75,0.25,12
4.036521,0,0.769231,0.692308,0.307692,0,1,3,1,"hv",414,"93",25,854,112,0.75,0.25,13
2.601378,0,0.769784,0.714286,0.285714,0,0,3,1,"hv",415,"93",25,854,112,0.75,0.25,14
3.074739,0,0.770335,0.733333,0.266667,0,0,3,1,"hv",416,"93",25,854,112,0.75,0.25,15
0.452757,0,0.768496,1,0,1,0,3,1,"hv",417,"93",26,854,111,0.25,0.75,1
0,2.460273,0.769048,0.5,0.5,0,1,3,1,"hv",418,"93",26,854,111,0.25,0.75,2
0,1.082562,0.769596,0.333333,0.666667,0,0,3,1,"hv",419,"93",26,854,111,0.25,0.75,3
0,3.924922,0.770142,0.25,0.75,0,0,3,1,"hv",420,"93",26,854,111,0.25,0.75,4
0,1.778035,0.770686,0.2,0.8,0,0,3,1,"hv",421,"93",26,854,111,0.25,0.75,5
0,2.685419,0.771226,0.166667,0.833333,0,0,3,1,"hv",422,"93",26,854,111,0.25,0.75,6
3.080441,0,0.769412,0.285714,0.714286,0,1,3,1,"hv",423,"93",26,854,111,0.25,0.75,7
3.425775,0,0.767606,0.375,0.625,0,0,3,1,"hv",424,"93",26,854,111,0.25,0.75,8
0,4.369304,0.76815,0.333333,0.666667,0,1,3,1,"hv",425,"93",26,854,111,0.25,0.75,9
2.49029,0,0.766355,0.4,0.6,0,1,3,1,"hv",426,"93",26,854,111,0.25,0.75,10
0,1.971154,0.7669,0.363636,0.636364,0,1,3,1,"hv",427,"93",26,854,111,0.25,0.75,11
0,4.605586,0.767442,0.333333,0.666667,0,0,3,1,"hv",428,"93",26,854,111,0.25,0.75,12
0,4.862077,0.767981,0.307692,0.692308,0,0,3,1,"hv",429,"93",26,854,111,0.25,0.75,13
0,3.846817,0.768519,0.285714,0.714286,0,0,3,1,"hv",430,"93",26,854,111,0.25,0.75,14
2.119908,0,0.769053,1,0,1,1,3,1,"hv",431,"93",27,854,112,0.75,0.25,1
4.564165,0,0.769585,1,0,0,0,3,1,"hv",432,"93",27,854,112,0.75,0.25,2
3.105419,0,0.770115,1,0,0,0,3,1,"hv",433,"93",27,854,112,0.75,0.25,3
3.035367,0,0.770642,1,0,0,0,3,1,"hv",434,"93",27,854,112,0.75,0.25,4
0,2.654136,0.768879,0.8,0.2,0,1,3,1,"hv",435,"93",27,854,112,0.75,0.25,5
0,4.277366,0.767123,0.666667,0.333333,0,0,3,1,"hv",436,"93",27,854,112,0.75,0.25,6
3.177019,0,0.767654,0.714286,0.285714,0,1,3,1,"hv",437,"93",27,854,112,0.75,0.25,7
2.433354,0,0.768182,0.75,0.25,0,0,3,1,"hv",438,"93",27,854,112,0.75,0.25,8
0,3.935595,0.76644,0.666667,0.333333,0,1,3,1,"hv",439,"93",27,854,112,0.75,0.25,9
0,1.498473,0.764706,0.6,0.4,0,0,3,1,"hv",440,"93",27,854,112,0.75,0.25,10
0,3.150093,0.76298,0.545455,0.454545,0,0,3,1,"hv",441,"93",27,854,112,0.75,0.25,11
2.706251,0,0.763514,0.583333,0.416667,0,1,3,1,"hv",442,"93",27,854,112,0.75,0.25,12
1.799521,0,0.764045,0.615385,0.384615,0,0,3,1,"hv",443,"93",27,854,112,0.75,0.25,13
3.2612,0,0.764574,0.642857,0.357143,0,0,3,1,"hv",444,"93",27,854,112,0.75,0.25,14
0,4.040095,0.762864,0.6,0.4,0,1,3,1,"hv",445,"93",27,854,112,0.75,0.25,15
0,1.6996,0.763393,0,1,1,0,3,1,"hv",446,"93",28,854,111,0.25,0.75,1
0,2.032329,0.76392,0,1,0,0,3,1,"hv",447,"93",28,854,111,0.25,0.75,2
0,0.519672,0.764444,0,1,0,0,3,1,"hv",448,"93",28,854,111,0.25,0.75,3
3.314978,0,0.762749,0.25,0.75,0,1,3,1,"hv",449,"93",28,854,111,0.25,0.75,4
0,2.310564,0.763274,0.2,0.8,0,1,3,1,"hv",450,"93",28,854,111,0.25,0.75,5
2.112447,0,0.761589,0.333333,0.666667,0,1,3,1,"hv",451,"93",28,854,111,0.25,0.75,6
3.352265,0,0.759912,0.428571,0.571429,0,0,3,1,"hv",452,"93",28,854,111,0.25,0.75,7
0,1.945547,0.76044,0.375,0.625,0,1,3,1,"hv",453,"93",28,854,111,0.25,0.75,8
0,2.334383,0.760965,0.333333,0.666667,0,0,3,1,"hv",454,"93",28,854,111,0.25,0.75,9
1.792053,0,0.7593,0.4,0.6,0,1,3,1,"hv",455,"93",28,854,111,0.25,0.75,10
3.111177,0,0.757642,0.454545,0.545455,0,0,3,1,"hv",456,"93",28,854,111,0.25,0.75,11
0,3.107832,0.75817,0.416667,0.583333,0,1,3,1,"hv",457,"93",28,854,111,0.25,0.75,12
3.868109,0,0.756522,0.461538,0.538462,0,1,3,1,"hv",458,"93",28,854,111,0.25,0.75,13
0,2.029937,0.75705,0.428571,0.571429,0,1,3,1,"hv",459,"93",28,854,111,0.25,0.75,14
0,4.184045,0.757576,0.4,0.6,0,0,3,1,"hv",460,"93",28,854,111,0.25,0.75,15
0,2.801437,0.758099,0.375,0.625,0,0,3,1,"hv",461,"93",28,854,111,0.25,0.75,16
0,1.887618,0.758621,0.352941,0.647059,0,0,3,1,"hv",462,"93",28,854,111,0.25,0.75,17
0,2.711469,0.75914,0.333333,0.666667,0,0,3,1,"hv",463,"93",28,854,111,0.25,0.75,18
1.301292,0,0.759657,1,0,1,1,3,1,"hv",464,"93",29,854,112,0.75,0.25,1
0,3.910788,0.75803,0.5,0.5,0,1,3,1,"hv",465,"93",29,854,112,0.75,0.25,2
2.940063,0,0.758547,0.666667,0.333333,0,1,3,1,"hv",466,"93",29,854,112,0.75,0.25,3
2.756644,0,0.759062,0.75,0.25,0,0,3,1,"hv",467,"93",29,854,112,0.75,0.25,4
0,4.70006,0.757447,0.6,0.4,0,1,3,1,"hv",468,"93",29,854,112,0.75,0.25,5
2.579448,0,0.757962,0.666667,0.333333,0,1,3,1,"hv",469,"93",29,854,112,0.75,0.25,6
4.46327,0,0.758475,0.714286,0.285714,0,0,3,1,"hv",470,"93",29,854,112,0.75,0.25,7
3.072069,0,0.758985,0.75,0.25,0,0,3,1,"hv",471,"93",29,854,112,0.75,0.25,8
3.775876,0,0.759494,0.777778,0.222222,0,0,3,1,"hv",472,"93",29,854,112,0.75,0.25,9
0,1.476134,0.757895,0.7,0.3,0,1,3,1,"hv",473,"93",29,854,112,0.75,0.25,10
3.551812,0,0.758403,0.727273,0.272727,0,1,3,1,"hv",474,"93",29,854,112,0.75,0.25,11
3.338855,0,0.75891,0.75,0.25,0,0,3,1,"hv",475,"93",29,854,112,0.75,0.25,12
1.597564,0,0.759414,0.769231,0.230769,0,0,3,1,"hv",476,"93",29,854,112,0.75,0.25,13
0.610651,0,0.757829,1,0,1,0,3,1,"hv",477,"93",30,854,111,0.25,0.75,1
0,4.781921,0.758333,0.5,0.5,0,1,3,1,"hv",478,"93",30,854,111,0.25,0.75,2
2.08805,0,0.756757,0.666667,0.333333,0,1,3,1,"hv",479,"93",30,854,111,0.25,0.75,3
2.221457,0,0.755187,0.75,0.25,0,0,3,1,"hv",480,"93",30,854,111,0.25,0.75,4
0,2.869034,0.755694,0.6,0.4,0,1,3,1,"hv",481,"93",30,854,111,0.25,0.75,5
0,3.176143,0.756198,0.5,0.5,0,0,3,1,"hv",482,"93",30,854,111,0.25,0.75,6
0,4.789874,0.756701,0.428571,0.571429,0,0,3,1,"hv",483,"93",30,854,111,0.25,0.75,7
0,3.459893,0.757202,0.375,0.625,0,0,3,1,"hv",484,"93",30,854,111,0.25,0.75,8
0,4.689226,0.7577,0.333333,0.666667,0,0,3,1,"hv",485,"93",30,854,111,0.25,0.75,9
0,4.025728,0.758197,0.3,0.7,0,0,3,1,"hv",486,"93",30,854,111,0.25,0.75,10
0,5.567627,0.758691,0.272727,0.727273,0,0,3,1,"hv",487,"93",30,854,111,0.25,0.75,11
3.83442,0,0.757143,0.333333,0.666667,0,1,3,1,"hv",488,"93",30,854,111,0.25,0.75,12
0.912698,0,0.755601,0.384615,0.615385,0,0,3,1,"hv",489,"93",30,854,111,0.25,0.75,13
0,3.674667,0.756098,0.357143,0.642857,0,1,3,1,"hv",490,"93",30,854,111,0.25,0.75,14
0,2.613235,0.756592,0.333333,0.666667,0,0,3,1,"hv",491,"93",30,854,111,0.25,0.75,15
0,2.848025,0.757085,0.3125,0.6875,0,0,3,1,"hv",492,"93",30,854,111,0.25,0.75,16
3.638426,0,0.755556,0.352941,0.647059,0,1,3,1,"hv",493,"93",30,854,111,0.25,0.75,17
0,3.06975,0.754032,0,1,1,1,3,1,"hv",494,"93",31,854,112,0.75,0.25,1
2.356701,0,0.754527,0.5,0.5,0,1,3,1,"hv",495,"93",31,854,112,0.75,0.25,2
1.786097,0,0.75502,0.666667,0.333333,0,0,3,1,"hv",496,"93",31,854,112,0.75,0.25,3
2.782275,0,0.755511,0.75,0.25,0,0,3,1,"hv",497,"93",31,854,112,0.75,0.25,4
0,4.820209,0.754,0.6,0.4,0,1,3,1,"hv",498,"93",31,854,112,0.75,0.25,5
0,2.147619,0.752495,0.5,0.5,0,0,3,1,"hv",499,"93",31,854,112,0.75,0.25,6
3.334867,0,0.752988,0.571429,0.428571,0,1,3,1,"hv",500,"93",31,854,112,0.75,0.25,7
1.61485,0,0.753479,0.625,0.375,0,0,3,1,"hv",501,"93",31,854,112,0.75,0.25,8
0,1.959638,0.751984,0.555556,0.444444,0,1,3,1,"hv",502,"93",31,854,112,0.75,0.25,9
3.408829,0,0.752475,0.6,0.4,0,1,3,1,"hv",503,"93",31,854,112,0.75,0.25,10
0,2.727033,0.750988,0.545455,0.454545,0,1,3,1,"hv",504,"93",31,854,112,0.75,0.25,11
2.785116,0,0.751479,0.583333,0.416667,0,1,3,1,"hv",505,"93",31,854,112,0.75,0.25,12
0,1.519659,0.75,0.538462,0.461538,0,1,3,1,"hv",506,"93",31,854,112,0.75,0.25,13
1.442282,0,0.750491,0.571429,0.428571,0,1,3,1,"hv",507,"93",31,854,112,0.75,0.25,14
2.911534,0,0.75098,0.6,0.4,0,0,3,1,"hv",508,"93",31,854,112,0.75,0.25,15
3.175035,0,0.749511,1,0,1,0,3,1,"hv",509,"93",32,854,111,0.25,0.75,1
0,2.357013,0.75,0.5,0.5,0,1,3,1,"hv",510,"93",32,854,111,0.25,0.75,2
2.945394,0,0.748538,0.666667,0.333333,0,1,3,1,"hv",511,"93",32,854,111,0.25,0.75,3
0,3.511187,0.749027,0.5,0.5,0,1,3,1,"hv",512,"93",32,854,111,0.25,0.75,4
0,4.602852,0.749515,0.4,0.6,0,0,3,1,"hv",513,"93",32,854,111,0.25,0.75,5
0,1.572424,0.75,0.333333,0.666667,0,0,3,1,"hv",514,"93",32,854,111,0.25,0.75,6
0,2.97458,0.750484,0.285714,0.714286,0,0,3,1,"hv",515,"93",32,854,111,0.25,0.75,7
0,1.417435,0.750965,0.25,0.75,0,0,3,1,"hv",516,"93",32,854,111,0.25,0.75,8
0,3.374112,0.751445,0.222222,0.777778,0,0,3,1,"hv",517,"93",32,854,111,0.25,0.75,9
0,2.797136,0.751923,0.2,0.8,0,0,3,1,"hv",518,"93",32,854,111,0.25,0.75,10
0,3.744624,0.752399,0.181818,0.818182,0,0,3,1,"hv",519,"93",32,854,111,0.25,0.75,11
0,1.076838,0.752874,0.166667,0.833333,0,0,3,1,"hv",520,"93",32,854,111,0.25,0.75,12
0,4.115593,0.753346,0.153846,0.846154,0,0,3,1,"hv",521,"93",32,854,111,0.25,0.75,13
4.41377,0,0.751908,0.214286,0.785714,0,1,3,1,"hv",522,"93",32,854,111,0.25,0.75,14
0,2.771957,0.752381,0.2,0.8,0,1,3,1,"hv",523,"93",32,854,111,0.25,0.75,15
0,2.349926,0.752852,0.1875,0.8125,0,0,3,1,"hv",524,"93",32,854,111,0.25,0.75,16
2.784959,0,0.753321,1,0,1,1,3,1,"hv",525,"93",33,854,112,0.75,0.25,1
0,1.616513,0.751894,0.5,0.5,0,1,3,1,"hv",526,"93",33,854,112,0.75,0.25,2
0,3.929163,0.750473,0.333333,0.666667,0,0,3,1,"hv",527,"93",33,854,112,0.75,0.25,3
2.909515,0,0.750943,0.5,0.5,0,1,3,1,"hv",528,"93",33,854,112,0.75,0.25,4
4.059047,0,0.751412,0.6,0.4,0,0,3,1,"hv",529,"93",33,854,112,0.75,0.25,5
0,3.184071,0.75,0.5,0.5,0,1,3,1,"hv",530,"93",33,854,112,0.75,0.25,6
0,3.044097,0.748593,0.428571,0.571429,0,0,3,1,"hv",531,"93",33,854,112,0.75,0.25,7
3.254186,0,0.749064,0.5,0.5,0,1,3,1,"hv",532,"93",33,854,112,0.75,0.25,8
0,3.075335,0.747664,0.444444,0.555556,0,1,3,1,"hv",533,"93",33,854,112,0.75,0.25,9
2.869902,0,0.748134,0.5,0.5,0,1,3,1,"hv",534,"93",33,854,112,0.75,0.25,10
1.57797,0,0.748603,0.545455,0.454545,0,0,3,1,"hv",535,"93",33,854,112,0.75,0.25,11
0.989155,0,0.749071,0.583333,0.416667,0,0,3,1,"hv",536,"93",33,854,112,0.75,0.25,12
2.96763,0,0.749536,0.615385,0.384615,0,0,3,1,"hv",537,"93",33,854,112,0.75,0.25,13
1.914444,0,0.75,0.642857,0.357143,0,0,3,1,"hv",538,"93",33,854,112,0.75,0.25,14
0,2.33315,0.748614,0.6,0.4,0,1,3,1,"hv",539,"93",33,854,112,0.75,0.25,15
0,3.977743,0.749077,0,1,1,0,3,1,"hv",540,"93",34,854,111,0.25,0.75,1
0,2.305102,0.74954,0,1,0,0,3,1,"hv",541,"93",34,854,111,0.25,0.75,2
0,2.858101,0.75,0,1,0,0,3,1,"hv",542,"93",34,854,111,0.25,0.75,3
2.57299,0,0.748624,0.25,0.75,0,1,3,1,"hv",543,"93",34,854,111,0.25,0.75,4
2.725182,0,0.747253,0.4,0.6,0,0,3,1,"hv",544,"93",34,854,111,0.25,0.75,5
0,3.843901,0.747715,0.333333,0.666667,0,1,3,1,"hv",545,"93",34,854,111,0.25,0.75,6
3.052342,0,0.74635,0.428571,0.571429,0,1,3,1,"hv",546,"93",34,854,111,0.25,0.75,7
0,4.040382,0.746812,0.375,0.625,0,1,3,1,"hv",547,"93",34,854,111,0.25,0.75,8
0,0.784069,0.747273,0.333333,0.666667,0,0,3,1,"hv",548,"93",34,854,111,0.25,0.75,9
0,2.450653,0.747731,0.3,0.7,0,0,3,1,"hv",549,"93",34,854,111,0.25,0.75,10
0,2.79998,0.748188,0.272727,0.727273,0,0,3,1,"hv",550,"93",34,854,111,0.25,0.75,11
0,2.624916,0.748644,0.25,0.75,0,0,3,1,"hv",551,"93",34,854,111,0.25,0.75,12
0,2.234072,0.747292,0,1,1,0,3,1,"hv",552,"93",35,854,112,0.75,0.25,1
2.490441,0,0.747748,0.5,0.5,0,1,3,1,"hv",553,"93",35,854,112,0.75,0.25,2
0,2.482114,0.746403,0.333333,0.666667,0,1,3,1,"hv",554,"93",35,854,112,0.75,0.25,3
4.053429,0,0.746858,0.5,0.5,0,1,3,1,"hv",555,"93",35,854,112,0.75,0.25,4
2.912567,0,0.747312,0.6,0.4,0,0,3,1,"hv",556,"93",35,854,112,0.75,0.25,5
4.051726,0,0.747764,0.666667,0.333333,0,0,3,1,"hv",557,"93",35,854,112,0.75,0.25,6
2.806741,0,0.748214,0.714286,0.285714,0,0,3,1,"hv",558,"93",35,854,112,0.75,0.25,7
0,1.750773,0.746881,0.625,0.375,0,1,3,1,"hv",559,"93",35,854,112,0.75,0.25,8
0,2.512477,0.745552,0.555556,0.444444,0,0,3,1,"hv",560,"93",35,854,112,0.75,0.25,9
4.007908,0,0.746004,0.6,0.4,0,1,3,1,"hv",561,"93",35,854,112,0.75,0.25,10
1.281135,0,0.746454,0.636364,0.363636,0,0,3,1,"hv",562,"93",35,854,112,0.75,0.25,11
1.974066,0,0.746903,0.666667,0.333333,0,0,3,1,"hv",563,"93",35,854,112,0.75,0.25,12
3.315772,0,0.74735,0.692308,0.307692,0,0,3,1,"hv",564,"93",35,854,112,0.75,0.25,13
2.794389,0,0.747795,0.714286,0.285714,0,0,3,1,"hv",565,"93",35,854,112,0.75,0.25,14
3.975197,0,0.748239,0.733333,0.266667,0,0,3,1,"hv",566,"93",35,854,112,0.75,0.25,15
3.1361,0,0.748682,0.75,0.25,0,0,3,1,"hv",567,"93",35,854,112,0.75,0.25,16
0,5.640264,0.747368,0.705882,0.294118,0,1,3,1,"hv",568,"93",35,854,112,0.75,0.25,17
2.790301,0,0.74606,1,0,1,1,3,1,"hv",569,"93",36,854,111,0.25,0.75,1
3.489673,0,0.744755,1,0,0,0,3,1,"hv",570,"93",36,854,111,0.25,0.75,2
0,2.833247,0.745201,0.666667,0.333333,0,1,3,1,"hv",571,"93",36,854,111,0.25,0.75,3
0,4.935966,0.745645,0.5,0.5,0,0,3,1,"hv",572,"93",36,854,111,0.25,0.75,4
0,2.409957,0.746087,0.4,0.6,0,0,3,1,"hv",573,"93",36,854,111,0.25,0.75,5
0,3.524775,0.746528,0.333333,0.666667,0,0,3,1,"hv",574,"93",36,854,111,0.25,0.75,6
0,3.864428,0.746967,0.285714,0.714286,0,0,3,1,"hv",575,"93",36,854,111,0.25,0.75,7
0,2.209879,0.747405,0.25,0.75,0,0,3,1,"hv",576,"93",36,854,111,0.25,0.75,8
0,4.865745,0.747841,0.222222,0.777778,0,0,3,1,"hv",577,"93",36,854,111,0.25,0.75,9
0,1.920481,0.748276,0.2,0.8,0,0,3,1,"hv",578,"93",36,854,111,0.25,0.75,10
3.571915,0,0.746988,0.272727,0.727273,0,1,3,1,"hv",579,"93",36,854,111,0.25,0.75,11
0,4.230321,0.747423,0.25,0.75,0,1,3,1,"hv",580,"93",36,854,111,0.25,0.75,12
0.915579,0,0.746141,0.307692,0.692308,0,1,3,1,"hv",581,"93",36,854,111,0.25,0.75,13
0,2.96013,0.746575,0.285714,0.714286,0,1,3,1,"hv",582,"93",36,854,111,0.25,0.75,14
0,0.908975,0.747009,0.266667,0.733333,0,0,3,1,"hv",583,"93",36,854,111,0.25,0.75,15
0,4.733919,0.74744,0.25,0.75,0,0,3,1,"hv",584,"93",36,854,111,0.25,0.75,16
0,3.162062,0.747871,0.235294,0.764706,0,0,3,1,"hv",585,"93",36,854,111,0.25,0.75,17
0,2.382188,0.748299,0.222222,0.777778,0,0,3,1,"hv",586,"93",36,854,111,0.25,0.75,18
1.748256,0,0.747029,0.263158,0.736842,0,1,3,1,"hv",587,"93",36,854,111,0.25,0.75,19
2.455708,0,0.747458,1,0,1,0,3,1,"hv",588,"93",37,854,112,0.75,0.25,1
4.078953,0,0.747885,1,0,0,0,3,1,"hv",589,"93",37,854,112,0.75,0.25,2
3.595691,0,0.748311,1,0,0,0,3,1,"hv",590,"93",37,854,112,0.75,0.25,3
1.757711,0,0.748735,1,0,0,0,3,1,"hv",591,"93",37,854,112,0.75,0.25,4
4.483146,0,0.749158,1,0,0,0,3,1,"hv",592,"93",37,854,112,0.75,0.25,5
3.17481,0,0.74958,1,0,0,0,3,1,"hv",593,"93",37,854,112,0.75,0.25,6
2.18172,0,0.75,1,0,0,0,3,1,"hv",594,"93",37,854,112,0.75,0.25,7
0,3.330278,0.748744,0.875,0.125,0,1,3,1,"hv",595,"93",37,854,112,0.75,0.25,8
1.198453,0,0.749164,0.888889,0.111111,0,1,3,1,"hv",596,"93",37,854,112,0.75,0.25,9
0,3.208519,0.747913,0.8,0.2,0,1,3,1,"hv",597,"93",37,854,112,0.75,0.25,10
0,4.517946,0.746667,0.727273,0.272727,0,0,3,1,"hv",598,"93",37,854,112,0.75,0.25,11
2.425499,0,0.747088,0.75,0.25,0,1,3,1,"hv",599,"93",37,854,112,0.75,0.25,12
2.776288,0,0.745847,1,0,1,0,3,1,"hv",600,"93",38,854,112,0.75,0.25,1
